OBJECTID,SDLEA10,NAME,NAME2,DISTRICT_N,DISTRICT,DISTRICT_C,NCES_DISTR,COLOR,Shape__Area,Shape__Length
1,30180,Memphis ISD,Memphis,96904,096-904,96904,4830180,4,0.170096263,2.468568688
2,34380,Patton Springs ISD,Patton Springs,63906,063-906,63906,4834380,5,0.098241526,1.483851785
3,2,Spur ISD,Spur,63903,063-903,63903,4800002,3,0.133311983,2.116864251
4,40080,Sherman ISD,Sherman,91906,091-906,91906,4840080,1,0.019260726,1.039260413
5,38400,S and S Cons ISD,S and S Cons,91914,091-914,91914,4838400,6,0.032660288,1.311266685
6,35580,Pottsboro ISD,Pottsboro,91913,091-913,91913,4835580,7,0.024355988,1.059686293
7,44730,Waxahachie ISD,Waxahachie,70912,070-912,70912,4844730,6,0.047446138,1.30203198
8,34110,Palmer ISD,Palmer,70910,070-910,70910,4834110,1,0.013689582,0.732817699
9,18540,Ennis ISD,Ennis,70903,070-903,70903,4818540,7,0.064615447,1.890406474
10,16710,Denison ISD,Denison,91903,091-903,91903,4816710,3,0.02450845,1.129391673
11,9780,Bells ISD,Bells,91901,091-901,91901,4809780,2,0.014699156,0.738710268
12,45630,Whitesboro ISD,Whitesboro,91909,091-909,91909,4845630,1,0.043595026,1.614602766
13,14580,Collinsville ISD,Collinsville,91902,091-902,91902,4814580,3,0.013241269,0.717002925
14,18750,Evadale ISD,Evadale,121906,121-906,121906,4818750,2,0.006821711,0.554420165
15,12090,Buna ISD,Buna,121903,121-903,121903,4812090,7,0.053470686,1.311418282
16,39300,Santa Gertrudis ISD,Santa Gertrudis,137904,137-904,137904,4839300,5,0.046667772,1.180570156
17,37320,Riviera ISD,Riviera,137903,137-903,137903,4837320,3,0.169266469,2.363769301
18,36930,Ricardo ISD,Ricardo,137902,137-902,137902,4836930,2,0.018983435,0.702976653
19,25680,Kingsville ISD,Kingsville,137901,137-901,137901,4825680,1,0.024431261,1.129619787
20,8490,Apple Springs ISD,Apple Springs,228905,228-905,228905,4808490,3,0.027473771,1.143397593
21,43200,Trinity ISD,Trinity,228903,228-903,228903,4843200,2,0.038825042,1.356988597
22,25470,Kennard ISD,Kennard,113906,113-906,113906,4825470,1,0.081082052,2.035486332
23,24730,Jefferson ISD,Jefferson,155901,155-901,155901,4824730,1,0.100595803,2.273236179
24,9090,Avinger ISD,Avinger,34902,034-902,34902,4809090,4,0.017583892,0.850386713
25,34550,Pecos-Barstow-Toyah ISD,Pecos-Barstow-Toyah,195901,195-901,195901,4834550,2,0.556031448,4.674551581
26,9330,Balmorhea ISD,Balmorhea,195902,195-902,195902,4809330,4,0.130011736,1.733357744
27,42420,Terrell County ISD,Terrell County,222901,222-901,222901,4842420,6,0.572287482,3.858338946
28,17100,Dilley ISD,Dilley,82902,082-902,82902,4817100,5,0.081808728,1.596064115
29,41250,Springlake-Earth ISD,Springlake-Earth,140907,140-907,140907,4841250,3,0.049931347,1.104649279
30,42090,Tahoka ISD,Tahoka,153904,153-904,153904,4842090,3,0.09102943,1.883766561
31,33390,O'Donnell ISD,O'Donnell,153903,153-903,153903,4833390,4,0.08133144,1.79233655
32,16350,Dawson ISD (Dawson),Dawson (Dawson),58902,058-902,58902,4816350,7,0.034481274,0.842385432
33,40290,Silverton ISD,Silverton,23902,023-902,23902,4840290,1,0.140919862,1.668572823
34,32220,Nazareth ISD,Nazareth,35903,035-903,35903,4832220,6,0.027611397,0.862409557
35,22650,Hart ISD,Hart,35902,035-902,35902,4822650,2,0.039445488,0.964312786
36,17160,Dimmitt ISD,Dimmitt,35901,035-901,35901,4817160,7,0.113797892,2.001783737
37,41400,Stamford ISD,Stamford,127906,127-906,127906,4841400,2,0.03469502,1.28886612
38,33960,Paint Creek ISD,Paint Creek,104907,104-907,104907,4833960,6,0.058809354,1.281615666
39,30340,Merkel ISD,Merkel,221904,221-904,221904,4830340,7,0.068944381,2.040282688
40,8400,Anson ISD,Anson,127901,127-901,127901,4808400,6,0.066269521,1.875494347
41,43110,Trent ISD,Trent,221905,221-905,221905,4843110,1,0.035681771,1.643807704
42,37470,Roby Cons ISD,Roby Cons,76903,076-903,76903,4837470,2,0.08209317,2.934952186
43,22260,Hamlin ISD,Hamlin,127903,127-903,127903,4822260,1,0.068880241,1.962936387
44,9750,Bellevue ISD,Bellevue,39904,039-904,39904,4809750,5,0.039695689,1.25109445
45,20970,Gold-Burg ISD,Gold-Burg,169906,169-906,169906,4820970,3,0.038819617,1.17523741
46,33270,Nursery ISD,Nursery,235904,235-904,235904,4833270,1,0.012721588,0.542178747
47,44150,Victoria ISD,Victoria,235902,235-902,235902,4844150,2,0.145019216,3.103406351
48,24150,Industrial ISD,Industrial,120905,120-905,120905,4824150,5,0.068767808,2.490364516
49,10500,Bloomington ISD,Bloomington,235901,235-901,235901,4810500,1,0.025350058,0.983041128
50,42810,Tidehaven ISD,Tidehaven,158902,158-902,158902,4842810,3,0.07047129,1.472944714
51,29370,Matagorda ISD,Matagorda,158904,158-904,158904,4829370,7,0.03419892,0.795210785
52,9630,Bay City ISD,Bay City,158901,158-901,158901,4809630,2,0.039357177,1.261167595
53,34020,Palacios ISD,Palacios,158905,158-905,158905,4834020,1,0.140518311,2.591442695
54,33570,Olfen ISD,Olfen,200906,200-906,200906,4833570,6,0.005379327,0.371600058
55,46260,Winters ISD,Winters,200904,200-904,200904,4846260,7,0.086664125,1.663682283
56,30750,Miles ISD,Miles,200902,200-902,200902,4830750,2,0.034837437,1.131067292
57,9300,Ballinger ISD,Ballinger,200901,200-901,200901,4809300,5,0.102655626,2.370544245
58,11490,Bronte ISD,Bronte,41901,041-901,41901,4811490,3,0.081097031,2.021785548
59,34230,Panhandle ISD,Panhandle,33902,033-902,33902,4834230,5,0.144148357,1.700288567
60,39150,Sanford-Fritch ISD,Sanford-Fritch,117903,117-903,117903,4839150,6,0.008802202,0.447042247
61,42210,Tarkington ISD,Tarkington,146907,146-907,146907,4842210,5,0.055708295,1.368270923
62,19350,Floresville ISD,Floresville,247901,247-901,247901,4819350,1,0.067414133,1.815449314
63,26610,Lamesa ISD,Lamesa,58906,058-906,58906,4826610,5,0.0856723,1.732707784
64,25790,Klondike ISD,Klondike,58905,058-905,58905,4825790,6,0.140056689,2.41885975
65,35730,Prairie Valley ISD,Prairie Valley,169909,169-909,169909,4835730,7,0.026019293,1.143634775
66,32790,Nocona ISD,Nocona,169902,169-902,169902,4832790,6,0.04041364,1.613566042
67,31200,Montague ISD,Montague,169908,169-908,169908,4831200,4,0.00638379,0.498842237
68,38520,Saint Jo ISD,Saint Jo,169911,169-911,169911,4838520,3,0.041640324,1.474493535
69,29700,McCamey ISD,McCamey,231901,231-901,231901,4829700,6,0.10030315,1.339333463
70,15570,Cranfills Gap ISD,Cranfills Gap,18908,018-908,18908,4815570,7,0.035980951,1.820447305
71,22230,Hamilton ISD,Hamilton,97902,097-902,97902,4822230,4,0.127946064,3.749247898
72,42030,Sweetwater ISD,Sweetwater,177902,177-902,177902,4842030,4,0.071570689,1.719860186
73,38040,Rotan ISD,Rotan,76904,076-904,76904,4838040,7,0.086635107,1.824471574
74,37860,Roscoe Collegiate ISD,Roscoe Collegiate,177901,177-901,177901,4837860,6,0.034287271,1.027447222
75,23040,Hermleigh ISD,Hermleigh,208901,208-901,208901,4823040,5,0.038111752,1.415606434
76,35890,Pringle-Morse Cons ISD,Pringle-Morse Cons,98903,098-903,98903,4835890,1,0.095932761,2.159025507
77,41580,Plemons-Stinnett-Phillips Cons ISD,Plemons-Stinnett-Phillips Cons,117904,117-904,117904,4841580,3,0.089948419,1.990103996
78,41130,Spring Creek ISD,Spring Creek,117907,117-907,117907,4841130,6,0.04278217,1.011572471
79,10890,Borger ISD,Borger,117901,117-901,117901,4810890,4,0.012399269,0.651853594
80,41010,Spearman ISD,Spearman,98904,098-904,98904,4841010,4,0.123332723,2.063846457
81,45380,Wharton ISD,Wharton,241904,241-904,241904,4845380,1,0.044111866,1.428682504
82,28350,Louise ISD,Louise,241906,241-906,241906,4828350,7,0.041379267,1.114827957
83,18280,El Campo ISD,El Campo,241903,241-903,241903,4818280,6,0.106430371,2.665826602
84,35800,Presidio ISD,Presidio,189902,189-902,189902,4835800,5,0.196001194,4.148099278
85,23760,Huckabay ISD,Huckabay,72908,072-908,72908,4823760,2,0.039289293,1.528951136
86,36480,Ranger ISD,Ranger,67907,067-907,67907,4836480,4,0.046286313,1.228174644
87,17960,Eastland ISD,Eastland,67903,067-903,67903,4817960,3,0.06404464,1.706237148
88,15810,Cross Plains ISD,Cross Plains,30901,030-901,30901,4815810,1,0.0864017,1.892014578
89,14070,Cisco ISD,Cisco,67902,067-902,67902,4814070,2,0.054520238,1.446054572
90,37230,Rising Star ISD,Rising Star,67908,067-908,67908,4837230,7,0.031273972,1.260146697
91,27600,Lingleville ISD,Lingleville,72909,072-909,72909,4827600,7,0.030087629,1.758391725
92,21270,Gorman ISD,Gorman,67904,067-904,67904,4821270,1,0.029743698,1.440960444
93,16440,De Leon ISD,De Leon,47902,047-902,47902,4816440,3,0.06060774,2.91781136
94,39960,Shelbyville ISD,Shelbyville,210903,210-903,210903,4839960,4,0.066153091,2.600408234
95,27270,Leveretts Chapel ISD,Leveretts Chapel,201904,201-904,201904,4827270,4,0.00290905,0.314744182
96,33870,Overton ISD,Overton,201908,201-908,201908,4833870,1,0.005000054,0.364149037
97,31650,Mount Enterprise ISD,Mount Enterprise,201907,201-907,201907,4831650,3,0.018878991,0.845420726
98,26700,Laneville ISD,Laneville,201903,201-903,201903,4826700,6,0.031139611,2.068795603
99,22970,Henderson ISD,Henderson,201902,201-902,201902,4822970,1,0.090554056,4.174203089
100,20400,Garrison ISD,Garrison,174903,174-903,174903,4820400,7,0.026481985,1.260934809
101,16080,Cushing ISD,Cushing,174902,174-902,174902,4816080,7,0.037349799,1.475021426
102,42240,Tatum ISD,Tatum,201910,201-910,201910,4842240,6,0.028332682,1.340142834
103,38360,Rusk ISD,Rusk,37907,037-907,37907,4838360,5,0.077358549,2.43771322
104,42000,Sweet Home ISD,Sweet Home,143905,143-905,143905,4842000,5,0.015236967,0.845909061
105,18890,Ezzell ISD,Ezzell,143906,143-906,143906,4818890,6,0.040092728,1.295031688
106,40110,Shiner ISD,Shiner,143903,143-903,143903,4840110,6,0.027308772,0.950456392
107,31560,Moulton ISD,Moulton,143902,143-902,143902,4831560,2,0.026755334,1.008269059
108,44890,Wellington ISD,Wellington,44902,044-902,44902,4844890,1,0.229900552,2.860655761
109,22740,Haskell Cons ISD,Haskell Cons,104901,104-901,104901,4822740,4,0.111080113,2.327203907
110,38280,Rule ISD,Rule,104903,104-903,104903,4838280,7,0.037916237,1.243034481
111,41910,Sunray ISD,Sunray,171902,171-902,171902,4841910,5,0.057151439,1.334124792
112,17610,Dumas ISD,Dumas,171901,171-901,171901,4817610,7,0.196257505,2.007979091
113,15690,Crockett County Cons CSD,Crockett County Cons CSD,53001,053-001,53001,4815690,1,0.684750742,5.109385025
114,39570,Scurry-Rosser ISD,Scurry-Rosser,129910,129-910,129910,4839570,2,0.020499768,0.834210843
115,25320,Kemp ISD,Kemp,129904,129-904,129904,4825320,4,0.042284874,1.397135485
116,30000,Meadow ISD,Meadow,223902,223-902,223902,4830000,6,0.039170477,1.158866862
117,44910,Wellman-Union Cons ISD,Wellman-Union Cons,223904,223-904,223904,4844910,1,0.06587112,1.467741619
118,28140,Loop ISD,Loop,83902,083-902,83902,4828140,2,0.053620658,0.976330123
119,28410,Lovelady ISD,Lovelady,113903,113-903,113903,4828410,5,0.079919671,1.728249576
120,26910,Latexo ISD,Latexo,113905,113-905,113905,4826910,3,0.023677153,0.918764718
121,21630,Grapeland ISD,Grapeland,113902,113-902,113902,4821630,7,0.05594553,1.887821458
122,15720,Crockett ISD,Crockett,113901,113-901,113901,4815720,6,0.056096288,2.241707705
123,31170,Monahans-Wickett-Pyote ISD,Monahans-Wickett-Pyote,238902,238-902,238902,4831170,4,0.122980477,1.814089606
124,21480,Grandfalls-Royalty ISD,Grandfalls-Royalty,238904,238-904,238904,4821480,3,0.044941152,1.117203635
125,21300,Grady ISD,Grady,156905,156-905,156905,4821300,1,0.076269907,1.7300587
126,32700,Newcastle ISD,Newcastle,252902,252-902,252902,4832700,2,0.054989486,1.412637691
127,21360,Graham ISD,Graham,252901,252-901,252901,4821360,5,0.135719622,2.517761629
128,22680,Hartley ISD,Hartley,103902,103-902,103902,4822680,4,0.095743993,1.816050089
129,13620,Channing ISD,Channing,103901,103-901,103901,4813620,1,0.347437968,3.973516367
130,16200,Dalhart ISD,Dalhart,56901,056-901,56901,4816200,3,0.219595263,2.857712017
131,39390,Santo ISD,Santo,182904,182-904,182904,4839390,1,0.051652314,1.229267798
132,31410,Morgan Mill ISD,Morgan Mill,72910,072-910,72910,4831410,3,0.018432221,0.859844016
133,21180,Gordon ISD,Gordon,182901,182-901,182901,4821180,6,0.04045697,1.431012777
134,17580,Dublin ISD,Dublin,72902,072-902,72902,4817580,5,0.063090192,1.853189239
135,32740,Nixon-Smiley Cons ISD,Nixon-Smiley Cons,89903,089-903,89903,4832740,2,0.089475088,1.887017132
136,44280,Waco ISD,Waco,161914,161-914,161914,4844280,3,0.015032391,0.977792456
137,22140,Hallsburg ISD,Hallsburg,161924,161-924,161924,4822140,2,0.007928691,0.496611515
138,10910,Bosqueville ISD,Bosqueville,161923,161-923,161923,4810910,6,0.005770517,0.541720786
139,33030,North Zulch ISD,North Zulch,154903,154-903,154903,4833030,5,0.020286463,0.823030018
140,32910,Normangee ISD,Normangee,145906,145-906,145906,4832910,3,0.043681275,1.36057141
141,40230,Silsbee ISD,Silsbee,100904,100-904,100904,4840230,6,0.040866605,1.512818515
142,15540,Crane ISD,Crane,52901,052-901,52901,4815540,2,0.193047211,2.417491454
143,36960,Rice ISD,Rice,175911,175-911,175911,4836960,2,0.015761788,0.698291089
144,30720,Mildred ISD,Mildred,175910,175-910,175910,4830720,5,0.021311579,0.949228352
145,25530,Kerens ISD,Kerens,175907,175-907,175907,4825530,7,0.054213493,1.622774856
146,22850,Hedley ISD,Hedley,65902,065-902,65902,4822850,7,0.078210999,2.275936151
147,24660,Jayton-Girard ISD,Jayton-Girard,132902,132-902,132902,4824660,5,0.199597696,2.185792539
148,40800,Sonora ISD,Sonora,218901,218-901,218901,4840800,7,0.353947488,2.527111779
149,40200,Sierra Blanca ISD,Sierra Blanca,115902,115-902,115902,4840200,1,0.293330216,2.712270551
150,20130,Fort Hancock ISD,Fort Hancock,115901,115-901,115901,4820130,5,0.420892638,2.966404
151,16650,Dell City ISD,Dell City,115903,115-903,115903,4816650,3,0.152444912,1.793166583
152,15990,Culberson County-Allamore ISD,Culberson County-Allamore,55901,055-901,55901,4815990,6,1.193927384,4.867123025
153,26250,La Pryor ISD,La Pryor,254902,254-902,254902,4826250,4,0.073781851,1.526577124
154,46770,Zephyr ISD,Zephyr,25906,025-906,25906,4846770,4,0.018120691,0.854175847
155,40170,Sidney ISD,Sidney,47905,047-905,47905,4840170,1,0.021776845,0.789896686
156,35820,Priddy ISD,Priddy,167904,167-904,167904,4835820,2,0.023504973,1.062796035
157,31920,Mullin ISD,Mullin,167902,167-902,167902,4831920,1,0.061497007,1.724154323
158,29520,May ISD,May,25905,025-905,25905,4829520,4,0.051134431,1.324083562
159,21990,Gustine ISD,Gustine,47903,047-903,47903,4821990,7,0.029358163,1.201263091
160,14760,Comanche ISD,Comanche,47901,047-901,47901,4814760,6,0.082571343,2.349014828
161,10380,Blanket ISD,Blanket,25904,025-904,25904,4810380,5,0.023256458,0.8805735
162,44670,Waskom ISD,Waskom,102903,102-903,102903,4844670,7,0.015973808,0.693189438
163,32460,New Diana ISD,New Diana,230906,230-906,230906,4832460,2,0.01307443,0.747596243
164,29160,Marshall ISD,Marshall,102902,102-902,102902,4829160,4,0.087055078,1.915709025
165,25110,Karnack ISD,Karnack,102901,102-901,102901,4825110,6,0.034825284,1.194917929
166,22500,Harleton ISD,Harleton,102905,102-905,102905,4822500,6,0.023672526,1.04410502
167,22170,Hallsville ISD,Hallsville,102904,102-904,102904,4822170,1,0.045585684,1.238461414
168,18480,Elysian Fields ISD,Elysian Fields,102906,102-906,102906,4818480,5,0.035656458,0.927524981
169,45210,Westbrook ISD,Westbrook,168903,168-903,168903,4845210,1,0.069684183,1.594829142
170,28170,Loraine ISD,Loraine,168902,168-902,168902,4828170,1,0.040708749,1.175106859
171,24300,Ira ISD,Ira,208903,208-903,208903,4824300,6,0.030609653,1.187045004
172,14640,Colorado ISD,Colorado,168901,168-901,168901,4814640,4,0.10772853,3.029808519
173,34260,Paradise ISD,Paradise,249906,249-906,249906,4834260,7,0.018138873,0.884873409
174,13800,Chico ISD,Chico,249904,249-904,249904,4813800,7,0.028391843,1.384598958
175,11340,Bridgeport ISD,Bridgeport,249903,249-903,249903,4811340,3,0.036521908,1.753169554
176,35340,Poolville ISD,Poolville,184901,184-901,184901,4835340,2,0.01848968,0.903658724
177,43740,Valentine ISD,Valentine,122902,122-902,122902,4843740,7,0.219120257,2.575525763
178,20100,Fort Davis ISD,Fort Davis,122901,122-901,122901,4820100,3,0.333211935,2.882697802
179,42990,Tornillo ISD,Tornillo,71908,071-908,71908,4842990,3,0.019117024,0.695823043
180,26670,Lancaster ISD,Lancaster,57913,057-913,57913,4826670,6,0.009329901,0.477262709
181,23250,Highland Park ISD (Dallas),Highland Park (Dallas),57911,057-911,57911,4823250,4,0.001554591,0.175007503
182,17640,Duncanville ISD,Duncanville,57907,057-907,57907,4817640,5,0.007343478,0.507634952
183,16860,DeSoto ISD,DeSoto,57906,057-906,57906,4816860,3,0.005569225,0.320753287
184,19170,Ferris ISD,Ferris,70905,070-905,70905,4819170,4,0.019921934,1.047676971
185,14490,Coahoma ISD,Coahoma,114902,114-902,114902,4814490,5,0.075405906,1.340103831
186,10200,Big Spring ISD,Big Spring,114901,114-901,114901,4810200,3,0.059832841,1.926970166
187,19620,Forsan ISD,Forsan,114904,114-904,114904,4819620,2,0.051822982,1.554704465
188,39120,Sands Consolidated ISD,Sands Consolidated,58909,058-909,58909,4839120,2,0.054498701,1.5108348
189,43400,Turkey-Quitaque ISD,Turkey-Quitaque,96905,096-905,96905,4843400,5,0.113941298,1.959748654
190,35070,Plainview ISD,Plainview,95905,095-905,95905,4835070,6,0.100564028,1.67449512
191,31500,Motley County ISD,Motley County,173901,173-901,173901,4831500,7,0.257689549,2.399404527
192,27890,Lockney ISD,Lockney,77902,077-902,77902,4827890,2,0.063791912,1.703483085
193,19440,Floydada ISD,Floydada,77901,077-901,77901,4819440,4,0.161169511,2.364662262
194,42390,Terlingua CSD,Terlingua CSD,22004,022-004,22004,4842390,1,0.166157071,1.904747537
195,39060,San Vicente ISD,San Vicente,22903,022-903,22903,4839060,3,0.37436195,3.395286848
196,17010,Deweyville ISD,Deweyville,176903,176-903,176903,4817010,2,0.041441657,1.24932844
197,11070,Brackett ISD,Brackett,136901,136-901,136901,4811070,5,0.328481308,2.429481442
198,9390,Bangs ISD,Bangs,25901,025-901,25901,4809390,3,0.050754199,1.5352909
199,45840,Wildorado ISD,Wildorado,180904,180-904,180904,4845840,4,0.044707378,0.968855225
200,12810,Canyon ISD,Canyon,191901,191-901,191901,4812810,3,0.182758644,2.211721777
201,13410,Centerville ISD (Leon),Centerville (Leon),145902,145-902,145902,4813410,2,0.087304766,2.555119386
202,44410,Wall ISD,Wall,226906,226-906,226906,4844410,7,0.097742862,1.81568024
203,44040,Veribest ISD,Veribest,226908,226-908,226908,4844040,6,0.030486472,1.211191932
204,38700,San Angelo ISD,San Angelo,226903,226-903,226903,4838700,1,0.050763119,1.441553941
205,21600,Grape Creek ISD,Grape Creek,226907,226-907,226907,4821600,4,0.042318678,1.084580867
206,14010,Christoval ISD,Christoval,226901,226-901,226901,4814010,2,0.076526708,1.356786852
207,37740,Roma ISD,Roma,214903,214-903,214903,4837740,6,0.120630846,1.968773192
208,27750,Littlefield ISD,Littlefield,140904,140-904,140904,4827750,4,0.055931091,1.389644799
209,8160,Amherst ISD,Amherst,140901,140-901,140901,4808160,7,0.026098236,0.75965344
210,42570,Texline ISD,Texline,56902,056-902,56902,4842570,7,0.158540073,2.486939198
211,25290,Kelton ISD,Kelton,242905,242-905,242905,4825290,3,0.034320299,0.98044275
212,39900,Shamrock ISD,Shamrock,242902,242-902,242902,4839900,4,0.080658744,1.594208065
213,20310,Ganado ISD,Ganado,120902,120-902,120902,4820310,2,0.037298129,1.025721338
214,18210,Edna ISD,Edna,120901,120-901,120901,4818210,4,0.091773741,1.708541151
215,39750,Seminole ISD,Seminole,83903,083-903,83903,4839750,7,0.290077967,2.606138428
216,46320,Woden ISD,Woden,174906,174-906,174906,4846320,1,0.03336848,1.609396223
217,32090,Nacogdoches ISD,Nacogdoches,174904,174-904,174904,4832090,6,0.055117556,2.619564379
218,29250,Martinsville ISD,Martinsville,174909,174-909,174909,4829250,3,0.016316579,1.144899933
219,17460,Douglass ISD,Douglass,174911,174-911,174911,4817460,1,0.022166357,1.127835392
220,13440,Central Heights ISD,Central Heights,174908,174-908,174908,4813440,4,0.01717856,0.837890424
221,20520,Gause ISD,Gause,166902,166-902,166902,4820520,7,0.018363555,0.720688115
222,13650,Chapel Hill ISD (Smith),Chapel Hill (Smith),212909,212-909,212909,4813650,4,0.032954602,1.154187352
223,11040,Boys Ranch ISD,Boys Ranch,180901,180-901,180901,4811040,5,0.000126242,0.04560127
224,43980,Vega ISD,Vega,180902,180-902,180902,4843980,2,0.138527474,2.048581464
225,7500,Adrian ISD,Adrian,180903,180-903,180903,4807500,5,0.170232637,2.359476353
226,11220,Breckenridge ISD,Breckenridge,215901,215-901,215901,4811220,1,0.201293236,2.323021434
227,44370,Walcott ISD,Walcott,59902,059-902,59902,4844370,1,0.120458425,1.669072605
228,17790,Early ISD,Early,25909,025-909,25909,4817790,3,0.020744204,0.821520155
229,11700,Brownwood ISD,Brownwood,25902,025-902,25902,4811700,6,0.034376201,1.521990134
230,38900,San Felipe-Del Rio Cons ISD,San Felipe-Del Rio Cons,233901,233-901,233901,4838900,4,0.22070719,3.28483348
231,14920,Comstock ISD,Comstock,233903,233-903,233903,4814920,2,0.558722455,4.308202582
232,34500,Peaster ISD,Peaster,184908,184-908,184908,4834500,4,0.014165507,0.872007682
233,20370,Garner ISD,Garner,184911,184-911,184911,4820370,3,0.012720423,0.749765195
234,32640,New Waverly ISD,New Waverly,236901,236-901,236901,4832640,3,0.025253095,0.840484956
235,24030,Huntsville ISD,Huntsville,236902,236-902,236902,4824030,1,0.145761567,2.283194332
236,38310,Runge ISD,Runge,128903,128-903,128903,4838310,2,0.022945341,0.847206282
237,25440,Kenedy ISD,Kenedy,128902,128-902,128902,4825440,6,0.032047119,1.396860863
238,41700,Strawn ISD,Strawn,182905,182-905,182905,4841700,5,0.02685661,0.955769917
239,34140,Palo Pinto ISD,Palo Pinto,182906,182-906,182906,4834140,2,0.04367595,1.802747569
240,30950,Mineral Wells ISD,Mineral Wells,182903,182-903,182903,4830950,7,0.032241183,1.015675521
241,30870,Millsap ISD,Millsap,184904,184-904,184904,4830870,5,0.023779367,1.073617031
242,42840,Timpson ISD,Timpson,210905,210-905,210905,4842840,2,0.038939748,1.324289095
243,18840,Excelsior ISD,Excelsior,210906,210-906,210906,4818840,6,0.006696477,0.51043283
244,13320,Center ISD,Center,210901,210-901,210901,4813320,7,0.050744438,1.598447653
245,36390,Ralls ISD,Ralls,54903,054-903,54903,4836390,3,0.076356874,1.894580927
246,1,Crosbyton Cons ISD,Crosbyton Cons,54901,054-901,54901,4800001,2,0.118857085,1.858496532
247,17550,Driscoll ISD,Driscoll,178905,178-905,178905,4817550,5,0.011027652,0.814328652
248,9410,Banquete ISD,Banquete,178913,178-913,178913,4809410,1,0.029589738,1.100037572
249,7530,Agua Dulce ISD,Agua Dulce,178901,178-901,178901,4807530,3,0.023172926,0.792266099
250,46380,Woodsboro ISD,Woodsboro,196902,196-902,196902,4846380,4,0.05148332,1.624414144
251,9000,Austwell-Tivoli ISD,Austwell-Tivoli,196901,196-901,196901,4809000,1,0.062903352,1.356265116
252,41550,Sterling City ISD,Sterling City,216901,216-901,216901,4841550,7,0.227858936,1.946566415
253,45900,Willis ISD,Willis,170904,170-904,170904,4845900,1,0.039717263,1.227789531
254,41070,Splendora ISD,Splendora,170907,170-907,170907,4841070,2,0.018091619,0.676971095
255,24330,Iraan-Sheffield ISD,Iraan-Sheffield,186903,186-903,186903,4824330,4,0.210903602,2.538162323
256,11910,Buena Vista ISD,Buena Vista,186901,186-901,186901,4811910,5,0.2135731,3.052949157
257,34630,Perrin-Whitt Cons ISD,Perrin-Whitt Cons,119903,119-903,119903,4834630,5,0.04339891,1.490917196
258,30660,Midway ISD (Clay),Midway (Clay),39905,039-905,39905,4830660,4,0.065024078,1.694284142
259,21330,Graford ISD,Graford,182902,182-902,182902,4821330,3,0.05913062,1.704724614
260,11820,Bryson ISD,Bryson,119901,119-901,119901,4811820,1,0.045499643,1.311691123
261,10990,Bowie ISD,Bowie,169901,169-901,169901,4810990,6,0.07107789,1.750492329
262,43320,Tulia ISD,Tulia,219903,219-903,219903,4843320,3,0.109915521,1.615258789
263,25950,Kress ISD,Kress,219905,219-905,219905,4825950,4,0.066394146,1.359303351
264,45090,West Orange-Cove Cons ISD,West Orange-Cove Cons,181906,181-906,181906,4845090,5,0.008241535,0.73059195
265,33780,Orangefield ISD,Orangefield,181905,181-905,181905,4833780,7,0.017269325,0.970781898
266,27690,Little Cypress-Mauriceville Cons ISD,Little Cypress-Mauriceville Cons,181908,181-908,181908,4827690,4,0.024591882,1.195944223
267,11310,Bridge City ISD,Bridge City,181901,181-901,181901,4811310,6,0.015961907,0.874099518
268,44160,Vidor ISD,Vidor,181907,181-907,181907,4844160,1,0.029495943,1.053073665
269,44820,Weimar ISD,Weimar,45905,045-905,45905,4844820,6,0.041805555,1.102688253
270,22120,Hallettsville ISD,Hallettsville,143901,143-901,143901,4822120,3,0.119952132,2.599484694
271,45570,Whiteface Cons ISD,Whiteface Cons,40902,040-902,40902,4845570,3,0.153459005,2.741110428
272,31470,Morton ISD,Morton,40901,040-901,40901,4831470,2,0.058129341,1.515335117
273,26970,Lazbuddie ISD,Lazbuddie,185904,185-904,185904,4826970,5,0.050487331,1.031978696
274,23010,Hereford ISD,Hereford,59901,059-901,59901,4823010,6,0.181052913,2.194255796
275,19980,Friona ISD,Friona,185903,185-903,185903,4819980,4,0.088483967,2.03254663
276,10950,Bovina ISD,Bovina,185901,185-901,185901,4810950,3,0.054555924,1.373287866
277,16980,Dew ISD,Dew,81906,081-906,81906,4816980,4,0.01488542,0.684793766
278,46470,Wortham ISD,Wortham,81905,081-905,81905,4846470,7,0.027437744,1.035989994
279,42300,Teague ISD,Teague,81904,081-904,81904,4842300,5,0.055188776,1.296341149
280,33340,Oakwood ISD,Oakwood,145907,145-907,145907,4833340,5,0.038517349,1.48712476
281,30420,Mexia ISD,Mexia,147903,147-903,147903,4830420,6,0.041952874,1.337854233
282,18940,Fairfield ISD,Fairfield,81902,081-902,81902,4818940,2,0.11379022,2.374756024
283,15330,Corsicana ISD,Corsicana,175903,175-903,175903,4815330,6,0.056069642,2.325014051
284,11990,Buffalo ISD,Buffalo,145901,145-901,145901,4811990,6,0.065738828,1.961160273
285,25560,Kermit ISD,Kermit,248901,248-901,248901,4825560,4,0.098734956,1.532510517
286,46170,Wink-Loving ISD,Wink-Loving,248902,248-902,248902,4846170,6,0.275883992,3.562717328
287,45450,White Deer ISD,White Deer,33904,033-904,33904,4845450,1,0.066968666,1.266141716
288,45420,Wheeler ISD,Wheeler,242903,242-903,242903,4845420,5,0.047154724,1.546578969
289,34170,Pampa ISD,Pampa,90904,090-904,90904,4834170,7,0.116787488,2.042934651
290,39510,Schleicher ISD,Schleicher,207901,207-901,207901,4839510,4,0.320259806,2.445585812
291,27090,Lefors ISD,Lefors,90902,090-902,90902,4827090,2,0.036913864,1.061459972
292,21560,Grandview-Hopkins ISD,Grandview-Hopkins,90905,090-905,90905,4821560,4,0.033221775,0.811751485
293,29880,McLean ISD,McLean,90903,090-903,90903,4829880,6,0.092647606,1.988899305
294,13890,Chillicothe ISD,Chillicothe,99902,099-902,99902,4813890,6,0.066672603,1.973589186
295,36180,Quanah ISD,Quanah,99903,099-903,99903,4836180,3,0.142068633,1.936850928
296,13860,Childress ISD,Childress,38901,038-901,38901,4813860,7,0.165424023,2.350552943
297,35040,Plains ISD,Plains,251902,251-902,251902,4835040,5,0.150224882,1.844206036
298,16770,Denver City ISD,Denver City,251901,251-901,251901,4816770,3,0.039037366,1.461620295
299,11610,Brownfield ISD,Brownfield,223901,223-901,223901,4811610,2,0.096456823,1.936887499
300,39600,Seagraves ISD,Seagraves,83901,083-901,83901,4839600,4,0.048197755,1.368884245
301,25800,Knippa ISD,Knippa,232901,232-901,232901,4825800,3,0.026307969,1.050755861
302,33240,Nueces Canyon Cons ISD,Nueces Canyon Cons,69902,069-902,69902,4833240,6,0.216236725,3.064669778
303,24240,Iola ISD,Iola,93903,093-903,93903,4824240,7,0.032677282,1.120494962
304,8230,Anderson-Shiro Cons ISD,Anderson-Shiro Cons,93901,093-901,93901,4808230,2,0.064314043,1.815304856
305,28710,Madisonville Cons ISD,Madisonville Cons,154901,154-901,154901,4828710,4,0.101619548,2.196259983
306,39540,Schulenburg ISD,Schulenburg,75903,075-903,75903,4839540,7,0.034425244,0.903993572
307,26100,La Grange ISD,La Grange,75902,075-902,75902,4826100,1,0.076539453,1.671423193
308,19280,Flatonia ISD,Flatonia,75901,075-901,75901,4819280,6,0.059391903,1.264306624
309,19140,Fayetteville ISD,Fayetteville,75906,075-906,75906,4819140,3,0.02076951,0.871119856
310,46410,Woodson ISD,Woodson,224902,224-902,224902,4846410,6,0.043905956,1.434573438
311,29220,Martins Mill ISD,Martins Mill,234905,234-905,234905,4829220,1,0.016073215,0.895515073
312,18720,Eustace ISD,Eustace,107905,107-905,107905,4818720,3,0.019927924,0.901289654
313,12750,Canton ISD,Canton,234902,234-902,234902,4812750,7,0.040456698,1.447990193
314,28680,Mabank ISD,Mabank,129905,129-905,129905,4828680,1,0.032172973,1.307421809
315,37410,Robinson ISD,Robinson,161922,161-922,161922,4837410,4,0.017064623,0.936206124
316,37110,Riesel ISD,Riesel,161912,161-912,161912,4837110,1,0.014450347,0.791048999
317,29190,Mart ISD,Mart,161908,161-908,161908,4829190,6,0.038875181,1.4889897
318,21810,Groesbeck ISD,Groesbeck,147902,147-902,147902,4821810,3,0.122798208,2.222486635
319,41190,Spring Hill ISD,Spring Hill,92907,092-907,92907,4841190,4,0.002262004,0.261546996
320,28110,Longview ISD,Longview,92903,092-903,92903,4828110,5,0.026943794,1.172106034
321,20760,Gladewater ISD,Gladewater,92901,092-901,92901,4820760,3,0.026984405,1.834560368
322,16320,Darrouzett ISD,Darrouzett,148905,148-905,148905,4816320,2,0.049135501,1.325642101
323,42540,Texhoma ISD,Texhoma,211901,211-901,211901,4842540,3,0.061456685,1.353419787
324,21930,Gruver ISD,Gruver,98901,098-901,98901,4821930,7,0.13654675,2.020011362
325,43170,Trinidad ISD,Trinidad,107907,107-907,107907,4843170,2,0.003688706,0.366555341
326,32010,Murchison ISD,Murchison,107908,107-908,107908,4832010,7,0.003076115,0.288479776
327,28780,Malakoff ISD,Malakoff,107906,107-906,107906,4828780,5,0.027983578,1.435565451
328,15840,Cross Roads ISD,Cross Roads,107904,107-904,107904,4815840,4,0.027548471,0.944789172
329,33720,Orange Grove ISD,Orange Grove,125903,125-903,125903,4833720,4,0.0439895,1.039739413
330,26070,La Gloria ISD,La Gloria,125906,125-906,125906,4826070,6,0.010833689,0.473731599
331,9870,Ben Bolt-Palito Blanco ISD,Ben Bolt-Palito Blanco,125902,125-902,125902,4809870,2,0.032655574,0.887918103
332,7800,Alice ISD,Alice,125901,125-901,125901,4807800,7,0.071498702,1.79228072
333,6,Aspermont ISD,Aspermont,217901,217-901,217901,4800006,6,0.202961879,2.042810755
334,35570,Bushland ISD,Bushland,188904,188-904,188904,4835570,2,0.143320015,2.101734397
335,37260,River Road ISD,River Road,188902,188-902,188902,4837260,6,0.040507069,1.046281924
336,35560,Highland Park ISD (Potter),Highland Park (Potter),188903,188-903,188903,4835560,1,0.048136469,1.127175489
337,8130,Amarillo ISD,Amarillo,188901,188-901,188901,4808130,4,0.019151017,0.666558012
338,26310,La Vernia ISD,La Vernia,247903,247-903,247903,4826310,5,0.027339485,0.880819386
339,20460,Gary ISD,Gary,183904,183-904,183904,4820460,7,0.016666153,0.858782412
340,13110,Carthage ISD,Carthage,183902,183-902,183902,4813110,6,0.131745075,2.576863073
341,9690,Beckville ISD,Beckville,183901,183-901,183901,4809690,3,0.029091422,1.280276136
342,42360,Tenaha ISD,Tenaha,210904,210-904,210904,4842360,5,0.015163207,0.960018506
343,24810,Joaquin ISD,Joaquin,210902,210-902,210902,4824810,2,0.033393867,2.088831303
344,24000,Huntington ISD,Huntington,3904,003-904,3904,4824000,7,0.047600581,1.47095578
345,13500,Central ISD,Central,3907,003-907,3907,4813500,4,0.023268062,1.179964129
346,44940,Wells ISD,Wells,37909,037-909,37909,4844940,2,0.025017363,1.026637979
347,43290,Westwood ISD,Westwood,1908,001-908,1908,4843290,6,0.024041412,1.075103756
348,40500,Slocum ISD,Slocum,1909,001-909,1909,4840500,2,0.042583045,1.561309805
349,26220,LaPoynor ISD,LaPoynor,107910,107-910,107910,4826220,7,0.037553626,1.219969851
350,18390,Elkhart ISD,Elkhart,1903,001-903,1903,4818390,4,0.039915501,1.487895015
351,13200,Cayuga ISD,Cayuga,1902,001-902,1902,4813200,1,0.058121992,2.035695447
352,8870,Athens ISD,Athens,107901,107-901,107901,4808870,2,0.05851329,2.063020545
353,30450,Meyersville ISD,Meyersville,62906,062-906,62906,4830450,3,0.022999238,0.977069033
354,46650,Yorktown ISD,Yorktown,62904,062-904,62904,4846650,4,0.050127769,1.367873937
355,46620,Yoakum ISD,Yoakum,62903,062-903,62903,4846620,4,0.062727041,1.909644394
356,45240,Westhoff ISD,Westhoff,62905,062-905,62905,4845240,3,0.018532909,0.738842405
357,32880,Nordheim ISD,Nordheim,62902,062-902,62902,4832880,6,0.025335337,0.862525911
358,15960,Cuero ISD,Cuero,62901,062-901,62901,4815960,6,0.064440278,2.199634154
359,14250,Claude ISD,Claude,6902,006-902,6902,4814250,7,0.210448278,2.554825849
360,21840,Groom ISD,Groom,33901,033-901,33901,4821840,2,0.061565896,1.42983832
361,14160,Clarendon ISD,Clarendon,65901,065-901,65901,4814160,3,0.223225033,3.187628179
362,22350,Happy ISD,Happy,219901,219-901,219901,4822350,2,0.103183326,2.6294849
363,35370,Port Aransas ISD,Port Aransas,178908,178-908,178908,4835370,4,0.026022563,1.047981477
364,46080,Windthorst ISD,Windthorst,5904,005-904,5904,4846080,7,0.021246058,0.733171514
365,24530,Jacksboro ISD,Jacksboro,119902,119-902,119902,4824530,2,0.145887915,2.840683584
366,35190,Pleasanton ISD,Pleasanton,7905,007-905,7905,4835190,7,0.106831608,1.910742442
367,25140,Karnes City ISD,Karnes City,128901,128-901,128901,4825140,5,0.086679686,2.395128336
368,24960,Jourdanton ISD,Jourdanton,7902,007-902,7902,4824960,2,0.066902837,1.738114181
369,14700,Columbus ISD,Columbus,45902,045-902,45902,4814700,5,0.096793037,2.24325839
370,34410,Pawnee ISD,Pawnee,13902,013-902,13902,4834410,4,0.036097377,1.258263809
371,42690,Three Rivers ISD,Three Rivers,149902,149-902,149902,4842690,1,0.106322245,1.919896771
372,40410,Skidmore-Tynan ISD,Skidmore-Tynan,13905,013-905,13905,4840410,3,0.060677438,1.712227083
373,36780,Refugio ISD,Refugio,196903,196-903,196903,4836780,6,0.096781733,2.57800095
374,34770,Pettus ISD,Pettus,13903,013-903,13903,4834770,1,0.043258488,1.542254861
375,29400,Mathis ISD,Mathis,205904,205-904,205904,4829400,2,0.040689889,1.653578558
376,9720,Beeville ISD,Beeville,13901,013-901,13901,4809720,7,0.081529768,2.215229666
377,31890,Muleshoe ISD,Muleshoe,9901,009-901,9901,4831890,7,0.118544904,1.87373492
378,41760,Sudan ISD,Sudan,140908,140-908,140908,4841760,6,0.147776061,2.506013264
379,19110,Farwell ISD,Farwell,185902,185-902,185902,4819110,6,0.04199228,1.249297634
380,7980,Alto ISD,Alto,37901,037-901,37901,4807980,6,0.048341183,1.633560201
381,39450,Savoy ISD,Savoy,74911,074-911,74911,4839450,6,0.012377535,0.66290763
382,38490,Sabine Pass ISD,Sabine Pass,123913,123-913,123913,4838490,2,0.092265846,1.889517644
383,35430,Port Neches-Groves ISD,Port Neches-Groves,123908,123-908,123908,4835430,3,0.006566702,0.441776974
384,35400,Port Arthur ISD,Port Arthur,123907,123-907,123907,4835400,4,0.019781668,0.736474168
385,32280,Nederland ISD,Nederland,123905,123-905,123905,4832280,5,0.00458355,0.340437828
386,44490,Walnut Bend ISD,Walnut Bend,49908,049-908,49908,4844490,3,0.005233937,0.508969404
387,21030,Goliad ISD,Goliad,88902,088-902,88902,4821030,5,0.205429981,2.182486752
388,29910,McLeod ISD,McLeod,34906,034-906,34906,4829910,3,0.008268525,0.486900414
389,27540,Linden-Kildare Cons ISD,Linden-Kildare Cons,34905,034-905,34905,4827540,6,0.068565192,1.769971558
390,23850,Hughes Springs ISD,Hughes Springs,34903,034-903,34903,4823850,2,0.029031449,1.095288212
391,10440,Bloomburg ISD,Bloomburg,34909,034-909,34909,4810440,3,0.008168732,0.503878189
392,13740,Cherokee ISD,Cherokee,206903,206-903,206903,4813740,7,0.0589167,1.627732862
393,45690,Whitharral ISD,Whitharral,110908,110-908,110908,4845690,1,0.030169942,0.79484769
394,41850,Sundown ISD,Sundown,110907,110-907,110907,4841850,7,0.022200584,0.60045257
395,27240,Levelland ISD,Levelland,110902,110-902,110902,4827240,5,0.079769968,1.68462058
396,40380,Sivells Bend ISD,Sivells Bend,49909,049-909,49909,4840380,2,0.019450679,0.887632547
397,33090,Northside ISD (Wilbarger),Northside (Wilbarger),244905,244-905,244905,4833090,2,0.023603575,0.914676376
398,43530,Union Grove ISD,Union Grove,230908,230-908,230908,4843530,5,0.004943302,0.378532836
399,22560,Harmony ISD,Harmony,230905,230-905,230905,4822560,1,0.028472588,1.266459316
400,10140,Big Sandy ISD (Upshur),Big Sandy (Upshur),230901,230-901,230901,4810140,4,0.021379876,1.182821404
401,31860,Muenster ISD,Muenster,49902,049-902,49902,4831860,5,0.048076712,1.370748822
402,27570,Lindsay ISD,Lindsay,49907,049-907,49907,4827570,4,0.010299874,0.671198284
403,20220,Gainesville ISD,Gainesville,49901,049-901,49901,4820220,3,0.019878539,1.038909191
404,23190,Highland ISD,Highland,177905,177-905,177905,4823190,3,0.06391026,1.193486899
405,31950,Mumford ISD,Mumford,198906,198-906,198906,4831950,3,0.009851279,0.49061022
406,22830,Hearne ISD,Hearne,198905,198-905,198905,4822830,6,0.027378409,0.963466304
407,19740,Franklin ISD,Franklin,198903,198-903,198903,4819740,1,0.098074436,2.016943179
408,27180,Leon ISD,Leon,145911,145-911,145911,4827180,7,0.075948953,2.020935608
409,41610,Stockdale ISD,Stockdale,247906,247-906,247906,4841610,6,0.044460855,1.274706099
410,35550,Poth ISD,Poth,247904,247-904,247904,4835550,3,0.051010086,1.781252053
411,19020,Falls City ISD,Falls City,128904,128-904,128904,4819020,6,0.031997073,1.432633121
412,33900,Paducah ISD,Paducah,51901,051-901,51901,4833900,6,0.202920692,2.133940986
413,12480,Calhoun County ISD,Calhoun County,29901,029-901,29901,4812480,4,0.246358045,2.504343213
414,20550,George West ISD,George West,149901,149-901,149901,4820550,5,0.144977726,1.901600582
415,41670,Stratford ISD,Stratford,211902,211-902,211902,4841670,1,0.224539325,2.514205292
416,34650,Perryton ISD,Perryton,179901,179-901,179901,4834650,3,0.20531443,2.05918421
417,44250,Vysehrad ISD,Vysehrad,143904,143-904,143904,4844250,2,0.007580624,0.486333973
418,42930,Tom Bean ISD,Tom Bean,91918,091-918,91918,4842930,4,0.013678965,0.750578407
419,23670,Howe ISD,Howe,91905,091-905,91905,4823670,3,0.018791112,0.911771028
420,37020,Richardson ISD,Richardson,57916,057-916,57916,4837020,3,0.01154312,0.620995693
421,30390,Mesquite ISD,Mesquite,57914,057-914,57914,4830390,3,0.013710185,0.685372279
422,15510,Crandall ISD,Crandall,129901,129-901,129901,4815510,6,0.021022841,0.794097616
423,41880,Sunnyvale ISD,Sunnyvale,57919,057-919,57919,4841880,7,0.004873084,0.330181106
424,32730,Newton ISD,Newton,176902,176-902,176902,4832730,3,0.096171426,2.185813216
425,22890,Hemphill ISD,Hemphill,202903,202-903,202903,4822890,1,0.099886467,2.346119502
426,12150,Burkeville ISD,Burkeville,176901,176-901,176901,4812150,6,0.080438576,1.738162587
427,11430,Broaddus ISD,Broaddus,203902,203-902,203902,4811430,1,0.069110674,2.306473427
428,45180,West Sabine ISD,West Sabine,202905,202-905,202905,4845180,4,0.026460362,1.006070512
429,11520,Brookeland ISD,Brookeland,121902,121-902,121902,4811520,5,0.036963117,1.331999193
430,18660,Etoile ISD,Etoile,174910,174-910,174910,4818660,4,0.018668645,1.112755073
431,13980,Chireno ISD,Chireno,174901,174-901,174901,4813980,7,0.024295936,1.118149389
432,38760,San Augustine ISD,San Augustine,203901,203-901,203901,4838760,5,0.068130582,2.083527118
433,11460,Brock ISD,Brock,184909,184-909,184909,4811460,2,0.022177321,0.8228912
434,36450,Randolph Field ISD,Randolph Field,15906,015-906,15906,4836450,1,0.001022233,0.165781465
435,40920,Southside ISD,Southside,15917,015-917,15917,4840920,2,0.025531276,0.974912154
436,22470,Harlandale ISD,Harlandale,15904,015-904,15904,4822470,4,0.003485347,0.288530275
437,17850,East Central ISD,East Central,15911,015-911,15911,4817850,4,0.048047082,1.346602201
438,20160,Fort Sam Houston ISD,Fort Sam Houston,15914,015-914,15914,4820160,1,0.001277199,0.223666677
439,7590,Alamo Heights ISD,Alamo Heights,15901,015-901,15901,4807590,3,0.00224646,0.256183516
440,40680,South San Antonio ISD,South San Antonio,15908,015-908,15908,4840680,6,0.003802748,0.419073535
441,44310,Waelder ISD,Waelder,89905,089-905,89905,4844310,5,0.043549807,1.169675737
442,21060,Gonzales ISD,Gonzales,89901,089-901,89901,4821060,1,0.125934796,2.403213423
443,35700,Prairie Lea ISD,Prairie Lea,28906,028-906,28906,4835700,3,0.008859002,0.620413032
444,28590,Luling ISD,Luling,28903,028-903,28903,4828590,6,0.027914121,1.291710657
445,16890,Detroit ISD,Detroit,194905,194-905,194905,4816890,6,0.056187298,1.426368796
446,20340,Garland ISD,Garland,57909,057-909,57909,4820340,2,0.02329709,0.735583104
447,28380,Lovejoy ISD,Lovejoy,43919,043-919,43919,4828380,1,0.004274225,0.417648211
448,12990,Carrizo Springs Cons ISD,Carrizo Springs Cons,64903,064-903,64903,4812990,1,0.318317976,2.32637808
449,17730,Eagle Pass ISD,Eagle Pass,159901,159-901,159901,4817730,6,0.309046172,2.853425627
450,46710,Zapata County ISD,Zapata County,253901,253-901,253901,4846710,1,0.249166367,2.247675181
451,26790,Laredo ISD,Laredo,240901,240-901,240901,4826790,3,0.003176781,0.286486604
452,36420,Ramirez CSD,Ramirez CSD,66005,066-005,66005,4836420,4,0.029503317,0.998509355
453,38820,San Diego ISD,San Diego,66902,066-902,66902,4838820,1,0.120608788,2.019894368
454,35760,Premont ISD,Premont,125905,125-905,125905,4835760,3,0.039773294,1.002290742
455,38640,Sam Rayburn ISD,Sam Rayburn,74917,074-917,74917,4838640,3,0.035948915,1.208745573
456,18030,Ector ISD,Ector,74905,074-905,74905,4818030,5,0.007211073,0.566688401
457,17280,Dodd City ISD,Dodd City,74904,074-904,74904,4817280,2,0.011401504,0.90622534
458,24750,Jim Hogg County ISD,Jim Hogg County,124901,124-901,124901,4824750,7,0.267677142,2.271824598
459,19820,Freer ISD,Freer,66903,066-903,66903,4819820,2,0.09721821,1.872958262
460,15400,Cotulla ISD,Cotulla,142901,142-901,142901,4815400,4,0.332057123,2.553247936
461,29940,McMullen County ISD,McMullen County,162904,162-904,162904,4829940,6,0.275747077,2.115526369
462,44810,Webb Cons ISD,Webb Cons,240904,240-904,240904,4844810,3,0.206605928,2.40729915
463,99130,Benavides ISD,Benavides,66901,066-901,66901,4899130,5,0.175980325,3.058570121
464,14450,Clyde Cons ISD,Clyde Cons,30902,030-902,30902,4814450,1,0.084211753,2.643585585
465,22800,Hawley ISD,Hawley,127904,127-904,127904,4822800,2,0.029382786,1.118687375
466,7440,Abilene ISD,Abilene,221901,221-901,221901,4807440,3,0.026510991,1.417082319
467,33210,Coleman ISD,Coleman,42901,042-901,42901,4833210,6,0.11424626,2.274567004
468,24780,Jim Ned Cons ISD,Jim Ned Cons,221911,221-911,221911,4824780,5,0.090030403,1.614321085
469,9280,Baird ISD,Baird,30903,030-903,30903,4809280,7,0.093065104,1.896118679
470,18690,Eula ISD,Eula,30906,030-906,30906,4818690,6,0.02888913,0.994971818
471,28530,Lueders-Avoca ISD,Lueders-Avoca,127905,127-905,127905,4828530,4,0.059195405,1.617537853
472,31320,Moran ISD,Moran,209902,209-902,209902,4831320,6,0.051537944,1.408299274
473,7680,Albany ISD,Albany,209901,209-901,209901,4807680,7,0.147945033,2.096610914
474,46500,Wylie ISD (Taylor),Wylie (Taylor),221912,221-912,221912,4846500,4,0.034538455,1.31413401
475,25920,Kountze ISD,Kountze,100903,100-903,100903,4825920,4,0.061767827,1.603666665
476,13530,Lumberton ISD,Lumberton,100907,100-907,100907,4813530,5,0.014463823,0.820034356
477,17880,East Chambers ISD,East Chambers,36903,036-903,36903,4817880,3,0.036743883,1.153769499
478,22320,Hamshire-Fannett ISD,Hamshire-Fannett,123914,123-914,123914,4822320,1,0.064324491,1.485200368
479,9670,Beaumont ISD,Beaumont,123910,123-910,123910,4809670,6,0.043092839,1.43570455
480,17130,Dime Box ISD,Dime Box,144903,144-903,144903,4817130,4,0.023060656,1.256693781
481,12240,Burton ISD,Burton,239903,239-903,239903,4812240,2,0.039263984,1.359366981
482,38100,Round Top-Carmine ISD,Round Top-Carmine,75908,075-908,75908,4838100,7,0.0330022,1.019921463
483,20640,Giddings ISD,Giddings,144901,144-901,144901,4820640,3,0.063652144,1.809306093
484,9810,Bellville ISD,Bellville,8901,008-901,8901,4809810,1,0.093675318,2.141160071
485,40620,Snook ISD,Snook,26903,026-903,26903,4840620,5,0.044018915,1.355327855
486,11790,Bryan ISD,Bryan,21902,021-902,21902,4811790,2,0.099694764,2.40892642
487,7350,College Station ISD,College Station,21901,021-901,21901,4807350,6,0.025014509,1.210444331
488,11280,Brenham ISD,Brenham,239901,239-901,239901,4811280,4,0.111528639,2.418649603
489,43890,Van Alstyne ISD,Van Alstyne,91908,091-908,91908,4843890,2,0.015903644,0.84675329
490,34320,Pasadena ISD,Pasadena,101917,101-917,101917,4834320,7,0.014477814,0.631600879
491,41220,Spring ISD,Spring,101919,101-919,101919,4841220,1,0.013537748,0.85846886
492,23820,Huffman ISD,Huffman,101925,101-925,101925,4823820,6,0.012808973,0.56867341
493,14370,Cleveland ISD,Cleveland,146901,146-901,146901,4814370,4,0.03495519,1.484988284
494,32400,New Caney ISD,New Caney,170908,170-908,170908,4832400,5,0.021011361,0.755137871
495,16260,Damon ISD,Damon,20910,020-910,20910,4816260,1,0.014846492,0.644771778
496,14670,Columbia-Brazoria ISD,Columbia-Brazoria,20907,020-907,20907,4814670,5,0.059739469,2.211989513
497,34440,Pearland ISD,Pearland,20908,020-908,20908,4834440,1,0.010470417,0.615937867
498,16290,Danbury ISD,Danbury,20904,020-904,20904,4816290,3,0.015954095,0.848422468
499,39270,Santa Fe ISD,Santa Fe,84909,084-909,84909,4839270,6,0.017433475,0.72698044
500,19950,Friendswood ISD,Friendswood,84911,084-911,84911,4819950,3,0.003961062,0.416964134
501,44580,Warren ISD,Warren,229904,229-904,229904,4844580,5,0.063160098,1.732463757
502,21090,Goodrich ISD,Goodrich,187903,187-903,187903,4821090,6,0.010127456,0.679680429
503,10170,Big Sandy ISD (Polk),Big Sandy (Polk),187901,187-901,187901,4810170,7,0.048475883,1.171968439
504,40020,Shepherd ISD,Shepherd,204904,204-904,204904,4840020,7,0.035767592,1.060838692
505,14520,Coldspring-Oakhurst Cons ISD,Coldspring-Oakhurst Cons,204901,204-901,204901,4814520,5,0.100019197,2.121768213
506,13380,Centerville ISD (Trinity),Centerville (Trinity),228904,228-904,228904,4813380,2,0.027041235,1.150544457
507,21900,Groveton ISD,Groveton,228901,228-901,228901,4821900,7,0.098572794,1.840070248
508,27780,Livingston ISD,Livingston,187907,187-907,187907,4827780,3,0.080652607,2.651801764
509,13770,Chester ISD,Chester,229906,229-906,229906,4813770,7,0.042300938,1.35174695
510,17040,Diboll ISD,Diboll,3905,003-905,3905,4817040,1,0.028129807,1.148083484
511,27120,Leggett ISD,Leggett,187906,187-906,187906,4827120,2,0.023868151,0.889387519
512,15300,Corrigan-Camden ISD,Corrigan-Camden,187904,187-904,187904,4815300,6,0.068753967,1.515325955
513,46440,Woodville ISD,Woodville,229903,229-903,229903,4846440,3,0.076193849,2.137276505
514,46740,Zavalla ISD,Zavalla,3906,003-906,3906,4846740,6,0.051399681,1.59657612
515,27810,Llano ISD,Llano,150901,150-901,150901,4827810,6,0.2204367,2.519938026
516,42660,Thrall ISD,Thrall,246912,246-912,246912,4842660,7,0.036425065,1.214934269
517,29760,McDade ISD,McDade,11905,011-905,11905,4829760,1,0.015831286,0.682652192
518,9570,Bastrop ISD,Bastrop,11901,011-901,11901,4809570,4,0.104534184,2.121060965
519,16620,Del Valle ISD,Del Valle,227910,227-910,227910,4816620,6,0.041264878,1.236130372
520,28890,Manor ISD,Manor,227907,227-907,227907,4828890,2,0.021783979,1.060257997
521,15420,Coupland ISD,Coupland,246914,246-914,246914,4815420,1,0.010387198,0.82496689
522,42280,Taylor ISD,Taylor,246911,246-911,246911,4842280,5,0.018801705,0.991970603
523,18360,Elgin ISD,Elgin,11902,011-902,11902,4818360,7,0.040176247,1.280341908
524,26470,Lake Travis ISD,Lake Travis,227913,227-913,227913,4826470,7,0.028433392,1.346727374
525,17760,Eanes ISD,Eanes,227909,227-909,227909,4817760,3,0.008328341,0.621571737
526,8940,Austin ISD,Austin,227901,227-901,227901,4808940,1,0.055770313,2.361831056
527,8,Dripping Springs ISD,Dripping Springs,105904,105-904,105904,4800008,4,0.048128554,1.533358243
528,29010,Marble Falls ISD,Marble Falls,27904,027-904,27904,4829010,4,0.071911474,1.506322986
529,27030,Leander ISD,Leander,246913,246-913,246913,4827030,2,0.048681252,1.50489991
530,26400,Lago Vista ISD,Lago Vista,227912,227-912,227912,4826400,1,0.008410844,0.523135953
531,24840,Johnson City ISD,Johnson City,16901,016-901,16901,4824840,3,0.130554944,2.07261511
532,45150,West Rusk County Cons ISD,West Rusk County Cons,201914,201-914,201914,4845150,6,0.024407326,0.994494645
533,12870,Carlisle ISD,Carlisle,201913,201-913,201913,4812870,3,0.019050373,0.866622322
534,8730,Arp ISD,Arp,212901,212-901,212901,4808730,7,0.020860592,0.966442365
535,32610,New Summerfield ISD,New Summerfield,37908,037-908,37908,4832610,4,0.014571834,0.790419595
536,12060,Bullard ISD,Bullard,212902,212-902,212902,4812060,4,0.021153742,0.883244489
537,45600,Whitehouse ISD,Whitehouse,212906,212-906,212906,4845600,5,0.019140641,0.834289154
538,11640,Brownsboro ISD,Brownsboro,107902,107-902,107902,4811640,5,0.047770059,1.649899304
539,19770,Frankston ISD,Frankston,1904,001-904,1904,4819770,3,0.022384246,1.208678623
540,43230,Troup ISD,Troup,212904,212-904,212904,4843230,1,0.027362509,1.076778078
541,24590,Jacksonville ISD,Jacksonville,37904,037-904,37904,4824590,7,0.064499916,1.656189048
542,23880,Hull-Daisetta ISD,Hull-Daisetta,146905,146-905,146905,4823880,5,0.020296811,0.810139278
543,27450,Liberty ISD,Liberty,146906,146-906,146906,4827450,1,0.032229531,1.032666856
544,22380,Hardin ISD,Hardin,146904,146-904,146904,4822380,4,0.051582483,1.514565709
545,16920,Devers ISD,Devers,146903,146-903,146903,4816920,6,0.03733831,0.934707462
546,45000,West Hardin County Cons ISD,West Hardin County Cons,100908,100-908,100908,4845000,2,0.059409339,1.457111249
547,22410,Hardin-Jefferson ISD,Hardin-Jefferson,100905,100-905,100905,4822410,7,0.073193199,1.599725435
548,13960,China Spring ISD,China Spring,161920,161-920,161920,4813960,5,0.017697039,0.898105466
549,37200,Rio Vista ISD,Rio Vista,126907,126-907,126907,4837200,2,0.019317465,1.214290557
550,24450,Italy ISD,Italy,70907,070-907,70907,4824450,5,0.014869853,0.672476693
551,9030,Avalon ISD,Avalon,70901,070-901,70901,4809030,1,0.011518469,0.639583407
552,10470,Blooming Grove ISD,Blooming Grove,175902,175-902,175902,4810470,3,0.041046871,1.208198369
553,20040,Frost ISD,Frost,175905,175-905,175905,4820040,6,0.021504335,0.992716023
554,24480,Itasca ISD,Itasca,109907,109-907,109907,4824480,5,0.033388045,1.071125443
555,30780,Milford ISD,Milford,70909,070-909,70909,4830780,7,0.014984301,0.83555144
556,29580,Maypearl ISD,Maypearl,70915,070-915,70915,4829580,2,0.019608368,0.693485144
557,15480,Covington ISD,Covington,109903,109-903,109903,4815480,1,0.010693374,0.753054805
558,45720,Whitney ISD,Whitney,109911,109-911,109911,4845720,2,0.029358082,1.157337114
559,10650,Blum ISD,Blum,109913,109-913,109913,4810650,6,0.025295624,1.112597821
560,31380,Morgan ISD,Morgan,18903,018-903,18903,4831380,5,0.015411283,1.08180089
561,30300,Meridian ISD,Meridian,18902,018-902,18902,4830300,4,0.035702799,1.709570296
562,16380,Dawson ISD (Navarro),Dawson (Navarro),175904,175-904,175904,4816380,4,0.041665389,1.385285187
563,28800,Malone ISD,Malone,109908,109-908,109908,4828800,1,0.011350237,0.713406126
564,15120,Coolidge ISD,Coolidge,147901,147-901,147901,4815120,2,0.034953416,1.168895751
565,23730,Hubbard ISD (Hill),Hubbard (Hill),109905,109-905,109905,4823730,6,0.015726769,0.691939833
566,12360,Bynum ISD,Bynum,109902,109-902,109902,4812360,3,0.020117696,1.302741111
567,23280,Hillsboro ISD,Hillsboro,109904,109-904,109904,4823280,4,0.032220239,1.581268724
568,3,Rocksprings ISD,Rocksprings,69901,069-901,69901,4800003,2,0.393832942,3.599805727
569,27000,Leakey ISD,Leakey,193902,193-902,193902,4827000,5,0.102608259,1.704024797
570,17400,Doss Cons CSD,Doss Cons CSD,86024,086-024,86024,4817400,5,0.032242687,1.18934554
571,25020,Junction ISD,Junction,134901,134-901,134901,4825020,6,0.268282926,2.657131604
572,17190,Divide ISD,Divide,133905,133-905,133905,4817190,3,0.068011918,1.580804184
573,25590,Kerrville ISD,Kerrville,133903,133-903,133903,4825590,3,0.040201415,1.32499168
574,22590,Harper ISD,Harper,86902,086-902,86902,4822590,7,0.0940499,2.445738074
575,19840,Fredericksburg ISD,Fredericksburg,86901,086-901,86901,4819840,2,0.184567708,2.44408791
576,24210,Ingram ISD,Ingram,133904,133-904,133904,4824210,4,0.050644342,1.633034421
577,23970,Hunt ISD,Hunt,133902,133-902,133902,4823970,1,0.042253897,1.276519531
578,14790,Comfort ISD,Comfort,130902,130-902,130902,4814790,1,0.092188935,1.97763316
579,13350,Center Point ISD,Center Point,133901,133-901,133901,4813350,7,0.023203376,0.823515631
580,33660,Olton ISD,Olton,140905,140-905,140905,4833660,1,0.087998045,1.772426227
581,22050,Hale Center ISD,Hale Center,95903,095-903,95903,4822050,2,0.039646232,1.237218423
582,15360,Cotton Center ISD,Cotton Center,95902,095-902,95902,4815360,5,0.033324978,1.110120297
583,8460,Anton ISD,Anton,110901,110-901,110901,4808460,3,0.02080078,0.577090978
584,37830,Ropes ISD,Ropes,110905,110-905,110905,4837830,3,0.039671327,0.96878894
585,7410,Abernathy ISD,Abernathy,95901,095-901,95901,4807410,7,0.045753627,1.288370487
586,34680,Petersburg ISD,Petersburg,95904,095-904,95904,4834680,3,0.038448088,1.025302699
587,32490,New Home ISD,New Home,153905,153-905,153905,4832490,4,0.033943893,0.849146922
588,39870,Shallowater ISD,Shallowater,152909,152-909,152909,4839870,1,0.01898641,0.605455249
589,32430,New Deal ISD,New Deal,152902,152-902,152902,4832430,3,0.030322789,1.008591108
590,19830,Frenship ISD,Frenship,152907,152-907,152907,4819830,2,0.030701084,0.876735992
591,28500,Lubbock ISD,Lubbock,152901,152-901,152901,4828500,6,0.021971812,0.611523529
592,24120,Idalou ISD,Idalou,152910,152-910,152910,4824120,5,0.030905386,0.976825021
593,40890,Southland ISD,Southland,85903,085-903,85903,4840890,4,0.029669035,1.048417832
594,37800,Roosevelt ISD,Roosevelt,152908,152-908,152908,4837800,7,0.027383222,0.80437848
595,28230,Lorenzo ISD,Lorenzo,54902,054-902,54902,4828230,6,0.049462923,1.749788404
596,15180,Lubbock-Cooper ISD,Lubbock-Cooper,152906,152-906,152906,4815180,3,0.02946644,0.842460428
597,11580,Brooks County ISD,Brooks County,24901,024-901,24901,4811580,3,0.222292337,2.05650356
598,38910,San Isidro ISD,San Isidro,214902,214-902,214902,4838910,5,0.054688605,1.079398116
599,31040,Mission Cons ISD,Mission Cons,108908,108-908,108908,4831040,7,0.009794711,0.607526493
600,29670,McAllen ISD,McAllen,108906,108-906,108906,4829670,4,0.008276211,0.488235972
601,43800,Valley View ISD (Hidalgo),Valley View (Hidalgo),108916,108-916,108916,4843800,7,0.002372917,0.246357073
602,39930,Sharyland ISD,Sharyland,108911,108-911,108911,4839930,1,0.006158351,0.448940962
603,34860,Pharr-San Juan-Alamo ISD,Pharr-San Juan-Alamo,108909,108-909,108909,4834860,3,0.012897516,0.539832196
604,23100,Hidalgo ISD,Hidalgo,108905,108-905,108905,4823100,5,0.007947714,0.770863689
605,18180,Edinburg Cons ISD,Edinburg Cons,108904,108-904,108904,4818180,2,0.19506812,2.037878338
606,18060,Edcouch-Elsa ISD,Edcouch-Elsa,108903,108-903,108903,4818060,6,0.006529254,0.427247941
607,35910,Progreso ISD,Progreso,108910,108-910,108910,4835910,2,0.005300632,0.391008545
608,44960,Weslaco ISD,Weslaco,108913,108-913,108913,4844960,7,0.012691226,0.518075543
609,17390,Donna ISD,Donna,108902,108-902,108902,4817390,6,0.020503712,0.751307221
610,40350,Sinton ISD,Sinton,205906,205-906,205906,4840350,6,0.053082718,1.867867844
611,31620,Mount Calm ISD,Mount Calm,109910,109-910,109910,4831620,7,0.012316012,0.650637249
612,9150,Axtell ISD,Axtell,161918,161-918,161918,4809150,1,0.020989705,1.007316631
613,26280,La Vega ISD,La Vega,161906,161-906,161906,4826280,4,0.008257795,0.637154563
614,14970,Connally ISD,Connally,161921,161-921,161921,4814970,1,0.008079126,0.540934369
615,34560,Penelope ISD,Penelope,109914,109-914,109914,4834560,5,0.011967391,0.642116367
616,7380,Abbott ISD,Abbott,109901,109-901,109901,4807380,1,0.018537223,0.900370561
617,20610,Gholson ISD,Gholson,161925,161-925,161925,4820610,4,0.004967955,0.409186714
618,22710,Harts Bluff ISD,Harts Bluff,225907,225-907,225907,4822710,5,0.007402553,0.599304334
619,42120,Rivercrest ISD,Rivercrest,194903,194-903,194903,4842120,5,0.059206339,1.727855239
620,14190,Clarksville ISD,Clarksville,194904,194-904,194904,4814190,2,0.119405149,2.222228035
621,24420,Irving ISD,Irving,57912,057-912,57912,4824420,3,0.012745515,0.775520594
622,16230,Dallas ISD,Dallas,57905,057-905,57905,4816230,7,0.095325671,2.640765468
623,42870,Tioga ISD,Tioga,91907,091-907,91907,4842870,6,0.008674913,0.529315962
624,12510,Callisburg ISD,Callisburg,49905,049-905,49905,4812510,5,0.034537481,1.393773695
625,21960,Gunter ISD,Gunter,91917,091-917,91917,4821960,4,0.016650709,0.698624806
626,13290,Celina ISD,Celina,43903,043-903,43903,4813290,7,0.024090876,0.995389439
627,7890,Allen ISD,Allen,43901,043-901,43901,4807890,3,0.007312711,0.502843577
628,19530,Forestburg ISD,Forestburg,169910,169-910,169910,4819530,1,0.03208088,1.169321633
629,8100,Alvord ISD,Alvord,249901,249-901,249901,4808100,5,0.028658929,1.286140603
630,15210,Coppell ISD,Coppell,57922,057-922,57922,4815210,1,0.006214951,0.437875359
631,13050,Carrollton-Farmers Branch ISD,Carrollton-Farmers Branch,57903,057-903,57903,4813050,5,0.012046648,0.732377852
632,35100,Plano ISD,Plano,43910,043-910,43910,4835100,6,0.024096846,0.861415694
633,13020,Carroll ISD,Carroll,220919,220-919,220919,4813020,3,0.005132,0.349132654
634,21660,Grapevine-Colleyville ISD,Grapevine-Colleyville,220906,220-906,220906,4821660,6,0.013329212,0.698249613
635,26430,Lake Dallas ISD,Lake Dallas,61912,061-912,61912,4826430,7,0.004251982,0.347708784
636,8670,Argyle ISD,Argyle,61910,061-910,61910,4808670,2,0.00884047,0.71222455
637,8910,Aubrey ISD,Aubrey,61907,061-907,61907,4808910,3,0.011682459,0.619405157
638,27720,Little Elm ISD,Little Elm,61914,061-914,61914,4827720,1,0.009611874,0.531435649
639,27300,Lewisville ISD,Lewisville,61902,061-902,61902,4827300,3,0.031335918,1.101227906
640,36000,Prosper ISD,Prosper,43912,043-912,43912,4836000,6,0.014729628,0.762722204
641,20010,Frisco ISD,Frisco,43905,043-905,43905,4820010,5,0.018804092,0.793624537
642,39180,Sanger ISD,Sanger,61908,061-908,61908,4839180,3,0.025649625,0.90304565
643,40470,Slidell ISD,Slidell,249908,249-908,249908,4840470,2,0.029349978,1.343596171
644,43860,Valley View ISD (Cooke),Valley View (Cooke),49903,049-903,49903,4843860,1,0.020552414,1.043050267
645,18600,Era ISD,Era,49906,049-906,49906,4818600,6,0.03788894,1.264691758
646,34920,Pilot Point ISD,Pilot Point,61903,061-903,61903,4834920,2,0.031371793,1.096095464
647,35310,Ponder ISD,Ponder,61906,061-906,61906,4835310,2,0.013529035,0.709295687
648,16500,Decatur ISD,Decatur,249905,249-905,249905,4816500,4,0.053564428,1.570127965
649,25980,Krum ISD,Krum,61905,061-905,61905,4825980,6,0.018443877,0.844627838
650,16740,Denton ISD,Denton,61901,061-901,61901,4816740,4,0.042707551,1.965424458
651,11550,Brookesmith ISD,Brookesmith,25908,025-908,25908,4811550,4,0.039044649,1.199937963
652,39210,Santa Anna ISD,Santa Anna,42903,042-903,42903,4839210,5,0.078712235,1.667148615
653,11110,Brady ISD,Brady,160901,160-901,160901,4811110,4,0.170600225,3.013888802
654,7,Panther Creek Cons ISD,Panther Creek Cons,42905,042-905,42905,4800007,2,0.136361725,2.434094141
655,30210,Menard ISD,Menard,164901,164-901,164901,4830210,2,0.211991996,2.140499452
656,29280,Mason ISD,Mason,157901,157-901,157901,4829280,3,0.242517807,2.7989296
657,18070,Eden Cons ISD,Eden Cons,48901,048-901,48901,4818070,1,0.134916821,2.310684538
658,37500,Rochelle ISD,Rochelle,160904,160-904,160904,4837500,3,0.07823248,1.560352769
659,27930,Lohn ISD,Lohn,160905,160-905,160905,4827930,1,0.043185971,1.118693822
660,37080,Richland Springs ISD,Richland Springs,206902,206-902,206902,4837080,5,0.085056882,1.730823863
661,33980,Paint Rock ISD,Paint Rock,48903,048-903,48903,4833980,7,0.078300913,1.756078891
662,32160,Navarro ISD,Navarro,94903,094-903,94903,4832160,3,0.020843969,0.76550319
663,10320,Blanco ISD,Blanco,16902,016-902,16902,4810320,7,0.084594166,2.079327115
664,32370,New Braunfels ISD,New Braunfels,46901,046-901,46901,4832370,2,0.018169594,0.864731211
665,39690,Seguin ISD,Seguin,94901,094-901,94901,4839690,7,0.089255621,1.97874915
666,29100,Marion ISD,Marion,94904,094-904,94904,4829100,1,0.020286548,0.928315747
667,38850,San Elizario ISD,San Elizario,71904,071-904,71904,4838850,7,0.003298226,0.287350635
668,14430,Clint ISD,Clint,71901,071-901,71901,4814430,4,0.092974092,1.399297625
669,34290,Paris ISD,Paris,139909,139-909,139909,4834290,1,0.005731662,0.460824269
670,33010,North Lamar ISD,North Lamar,139911,139-911,139911,4833010,3,0.103828483,2.258392942
671,41790,Sulphur Bluff ISD,Sulphur Bluff,112910,112-910,112910,4841790,4,0.029673352,1.367498168
672,35740,Prairiland ISD,Prairiland,139912,139-912,139912,4835740,2,0.060376373,2.04096605
673,12,Chisum ISD,Chisum,139905,139-905,139905,4800012,6,0.073930281,2.218028408
674,23460,Honey Grove ISD,Honey Grove,74907,074-907,74907,4823460,4,0.056447831,1.888695699
675,21450,Grand Saline ISD,Grand Saline,234904,234-904,234904,4821450,3,0.026304306,1.198427305
676,20070,Fruitvale ISD,Fruitvale,234909,234-909,234909,4820070,6,0.007305762,0.524135514
677,18120,Edgewood ISD (Van Zandt),Edgewood (Van Zandt),234903,234-903,234903,4818120,5,0.018755435,0.933409916
678,46530,Wylie ISD (Collin),Wylie (Collin),43914,043-914,43914,4846530,5,0.010177633,0.586148929
679,8430,Anthony ISD,Anthony,71906,071-906,71906,4808430,2,0.001795811,0.223883503
680,18300,El Paso ISD,El Paso,71902,071-902,71902,4818300,6,0.052799288,1.453978162
681,12780,Canutillo ISD,Canutillo,71907,071-907,71907,4812780,4,0.017038246,0.658074949
682,46680,Ysleta ISD,Ysleta,71905,071-905,71905,4846680,3,0.015449574,0.906787869
683,40710,Socorro ISD,Socorro,71909,071-909,71909,4840710,2,0.032510628,1.012981767
684,38430,Sabinal ISD,Sabinal,232902,232-902,232902,4838430,6,0.08790573,1.994815539
685,43720,Uvalde Cons ISD,Uvalde Cons,232903,232-903,232903,4843720,1,0.278748852,3.6673635
686,43680,Utopia ISD,Utopia,232904,232-904,232904,4843680,4,0.085732367,1.941576652
687,30030,Medina ISD,Medina,10901,010-901,10901,4830030,2,0.074086862,1.760571739
688,11010,Boyd ISD,Boyd,249902,249-902,249902,4811010,3,0.017003268,0.908439876
689,41280,Springtown ISD,Springtown,184902,184-902,184902,4841280,4,0.025550495,1.057330576
690,44800,Weatherford ISD,Weatherford,184903,184-903,184903,4844800,6,0.062747347,1.833667196
691,25260,Keller ISD,Keller,220907,220-907,220907,4825260,7,0.012668674,0.742145396
692,33180,Northwest ISD,Northwest,61911,061-911,61911,4833180,1,0.058629415,1.786492757
693,40740,Somerset ISD,Somerset,15909,015-909,15909,4840740,6,0.020397972,0.905357229
694,16140,D'Hanis ISD,D'Hanis,163902,163-902,163902,4816140,3,0.092397126,1.641512231
695,13710,Charlotte ISD,Charlotte,7901,007-901,7901,4813710,1,0.058651155,1.437595625
696,23430,Hondo ISD,Hondo,163904,163-904,163904,4823430,1,0.12825488,2.598272437
697,33120,Northside ISD (Bexar),Northside (Bexar),15915,015-915,15915,4833120,1,0.076580312,1.86471656
698,40950,Southwest ISD,Southwest,15912,015-912,15912,4840950,5,0.026206051,1.282310724
699,9360,Bandera ISD,Bandera,10902,010-902,10902,4809360,4,0.076367088,1.568868647
700,10710,Boerne ISD,Boerne,130901,130-901,130901,4810710,6,0.074356324,2.467166556
701,32940,North East ISD,North East,15910,015-910,15910,4832940,2,0.032026251,1.102965332
702,18150,Edgewood ISD (Bexar),Edgewood (Bexar),15905,015-905,15905,4818150,2,0.004037214,0.282607332
703,38730,San Antonio ISD,San Antonio,15907,015-907,15907,4838730,5,0.018067496,0.944008224
704,26370,Lackland ISD,Lackland,15913,015-913,15913,4826370,4,0.002493695,0.319353365
705,32130,Natalia ISD,Natalia,163903,163-903,163903,4832130,1,0.009953549,0.589118897
706,35520,Poteet ISD,Poteet,7906,007-906,7906,4835520,3,0.041313826,1.164620564
707,28650,Lytle ISD,Lytle,7904,007-904,7904,4828650,2,0.010493848,0.554052841
708,16950,Devine ISD,Devine,163901,163-901,163901,4816950,5,0.047502397,1.587586882
709,30060,Medina Valley ISD,Medina Valley,163908,163-908,163908,4830060,6,0.070311181,1.791685074
710,45540,White Settlement ISD,White Settlement,220920,220-920,220920,4845540,5,0.005892847,0.446996511
711,26490,Lake Worth ISD,Lake Worth,220910,220-910,220910,4826490,7,0.002160672,0.372946356
712,24060,Hurst-Euless-Bedford ISD,Hurst-Euless-Bedford,220916,220-916,220916,4824060,7,0.011764456,0.665462846
713,17700,Eagle Mountain-Saginaw ISD,Eagle Mountain-Saginaw,220918,220-918,220918,4817700,5,0.018507814,0.878582081
714,13170,Castleberry ISD,Castleberry,220917,220-917,220917,4813170,6,0.001356867,0.202799177
715,10230,Birdville ISD,Birdville,220902,220-902,220902,4810230,3,0.010046301,0.543885194
716,9200,Azle ISD,Azle,220915,220-915,220915,4809200,2,0.023022925,1.130168127
717,7780,Aledo ISD,Aledo,184907,184-907,184907,4807780,3,0.032837123,1.124761443
718,15910,Crowley ISD,Crowley,220912,220-912,220912,4815910,2,0.014418212,0.76025901
719,19700,Fort Worth ISD,Fort Worth,220905,220-905,220905,4819700,1,0.05231707,2.492893982
720,20960,Godley ISD,Godley,126911,126-911,126911,4820960,6,0.030923713,1.371231384
721,25230,Keene ISD,Keene,126906,126-906,126906,4825230,6,0.001245884,0.211356346
722,24930,Joshua ISD,Joshua,126905,126-905,126905,4824930,1,0.018918521,0.970649643
723,21540,Grandview ISD,Grandview,126904,126-904,126904,4821540,4,0.019458559,1.005162859
724,28920,Mansfield ISD,Mansfield,220908,220-908,220908,4828920,6,0.023407545,1.023285298
725,30600,Midlothian ISD,Midlothian,70908,070-908,70908,4830600,4,0.02806635,0.822325122
726,25500,Kennedale ISD,Kennedale,220914,220-914,220914,4825500,4,0.002643804,0.277563562
727,18810,Everman ISD,Everman,220904,220-904,220904,4818810,5,0.004475142,0.491899801
728,8700,Arlington ISD,Arlington,220901,220-901,220901,4808700,3,0.022034302,0.950037413
729,21420,Grand Prairie ISD,Grand Prairie,57910,057-910,57910,4821420,2,0.013318578,0.71316117
730,44010,Venus ISD,Venus,126908,126-908,126908,4844010,1,0.008854423,0.593058848
731,12180,Burleson ISD,Burleson,126902,126-902,126902,4812180,7,0.012551231,0.80609007
732,11,Alvarado ISD,Alvarado,126901,126-901,126901,4800011,2,0.024374366,1.089126344
733,16020,Cumby ISD,Cumby,112905,112-905,112905,4816020,1,0.017186507,1.012094086
734,32970,North Hopkins ISD,North Hopkins,112906,112-906,112906,4832970,2,0.025857101,1.743449573
735,12660,Campbell ISD,Campbell,116910,116-910,116910,4812660,3,0.011623181,0.767719332
736,15150,Cooper ISD,Cooper,60902,060-902,60902,4815150,7,0.058870014,2.619248785
737,30810,Miller Grove ISD,Miller Grove,112907,112-907,112907,4830810,2,0.016795832,0.74375117
738,10740,Boles ISD,Boles,116916,116-916,116916,4810740,3,0.002114086,0.257019604
739,28020,Lone Oak ISD,Lone Oak,116906,116-906,116906,4828020,7,0.022871519,0.964145559
740,42450,Terrell ISD,Terrell,129906,129-906,129906,4842450,7,0.043530921,1.428139586
741,25200,Kaufman ISD,Kaufman,129903,129-903,129903,4825200,5,0.04130058,1.323989508
742,36240,Quinlan ISD,Quinlan,116908,116-908,116908,4836240,2,0.036918796,1.731819762
743,45950,Wills Point ISD,Wills Point,234907,234-907,234907,4845950,3,0.05604299,1.454041339
744,19560,Forney ISD,Forney,129902,129-902,129902,4819560,1,0.020315557,0.716250128
745,38220,Royse City ISD,Royse City,199902,199-902,199902,4838220,4,0.018959637,0.981151423
746,37650,Rockwall ISD,Rockwall,199901,199-901,199901,4837650,6,0.026926698,0.788664388
747,19050,Fannindel ISD,Fannindel,60914,060-914,60914,4819050,5,0.025269076,1.205750286
748,14820,Commerce ISD,Commerce,116903,116-903,116903,4814820,2,0.028640202,1.280939725
749,12390,Caddo Mills ISD,Caddo Mills,116901,116-901,116901,4812390,7,0.017192524,0.755936396
750,14850,Community ISD,Community,43918,043-918,43918,4814850,3,0.018184154,0.906282751
751,21720,Greenville ISD,Greenville,116905,116-905,116905,4821720,6,0.03383534,1.352148171
752,9450,Barbers Hill ISD,Barbers Hill,36902,036-902,36902,4809450,6,0.046841644,1.806004431
753,16410,Dayton ISD,Dayton,146902,146-902,146902,4816410,3,0.063462649,1.73982946
754,14280,Clear Creek ISD,Clear Creek,84910,084-910,84910,4814280,5,0.025433423,1.206332286
755,31230,Monte Alto ISD,Monte Alto,108915,108-915,108915,4831230,7,0.010836871,0.441876626
756,26850,Lasara ISD,Lasara,245901,245-901,245901,4826850,4,0.015472878,0.524823884
757,26340,La Villa ISD,La Villa,108914,108-914,108914,4826340,5,0.008426178,0.406006327
758,30250,Mercedes ISD,Mercedes,108907,108-907,108907,4830250,3,0.010689761,0.480802041
759,39360,Santa Rosa ISD,Santa Rosa,31914,031-914,31914,4839360,6,0.006223966,0.330021438
760,26040,La Feria ISD,La Feria,31905,031-905,31905,4826040,1,0.008224184,0.422287805
761,39330,Santa Maria ISD,Santa Maria,31913,031-913,31913,4839330,4,0.006741677,0.473275077
762,37170,Rio Hondo ISD,Rio Hondo,31911,031-911,31911,4837170,1,0.019895202,0.736485952
763,28620,Lyford Cons ISD,Lyford Cons,245902,245-902,245902,4828620,2,0.08359454,1.959811784
764,22530,Harlingen Cons ISD,Harlingen Cons,31903,031-903,31903,4822530,7,0.019687395,0.768608434
765,11680,Brownsville ISD,Brownsville,31901,031-901,31901,4811680,6,0.024001787,1.475443888
766,38790,San Benito Cons ISD,San Benito Cons,31912,031-912,31912,4838790,5,0.023772176,1.064856909
767,35250,Point Isabel ISD,Point Isabel,31909,031-909,31909,4835250,5,0.071945739,2.053972763
768,28290,Los Fresnos Cons ISD,Los Fresnos Cons,31906,031-906,31906,4828290,4,0.113251755,2.104793907
769,46350,Wolfe City ISD,Wolfe City,116909,116-909,116909,4846350,3,0.021604123,1.088522636
770,36510,Rankin ISD,Rankin,231902,231-902,231902,4836510,4,0.204536183,2.227853544
771,36570,Reagan County ISD,Reagan County,192901,192-901,192901,4836570,5,0.288749859,2.153334507
772,8280,Andrews ISD,Andrews,2901,002-901,2901,4808280,3,0.37225626,2.579060422
773,41430,Stanton ISD,Stanton,156902,156-902,156902,4841430,7,0.084057563,1.634746362
774,10800,Bonham ISD,Bonham,74903,074-903,74903,4810800,1,0.05757736,2.288840504
775,15000,Conroe ISD,Conroe,170902,170-902,170902,4815000,3,0.084287199,2.158314364
776,38610,Saltillo ISD,Saltillo,112909,112-909,112909,4838610,1,0.014945913,0.986302763
777,30930,Mineola ISD,Mineola,250903,250-903,250903,4830930,4,0.022793131,1.070238411
778,22770,Hawkins ISD,Hawkins,250902,250-902,250902,4822770,3,0.026184109,1.015378757
779,10590,Blue Ridge ISD,Blue Ridge,43917,043-917,43917,4810590,1,0.016422747,0.920721615
780,43140,Trenton ISD,Trenton,74912,074-912,74912,4843140,3,0.011755038,0.682233795
781,27210,Leonard ISD,Leonard,74909,074-909,74909,4827210,5,0.016320397,0.904714839
782,45670,Whitewright ISD,Whitewright,91910,091-910,91910,4845670,7,0.018045822,1.057492854
783,13260,Celeste ISD,Celeste,116902,116-902,116902,4813260,4,0.017826921,1.057849911
784,10350,Bland ISD,Bland,116915,116-915,116915,4810350,2,0.015216443,0.940022731
785,19080,Farmersville ISD,Farmersville,43904,043-904,43904,4819080,6,0.022035316,0.95259883
786,30120,Melissa ISD,Melissa,43908,043-908,43908,4830120,3,0.007862708,0.647367449
787,29850,McKinney ISD,McKinney,43907,043-907,43907,4829850,4,0.027243625,1.795958095
788,8340,Anna ISD,Anna,43902,043-902,43902,4808340,5,0.015407335,0.794609477
789,35850,Princeton ISD,Princeton,43911,043-911,43911,4835850,2,0.015439905,0.926905609
790,10780,Boling ISD,Boling,241901,241-901,241901,4810780,3,0.035039156,1.219686945
791,32310,Needville ISD,Needville,79906,079-906,79906,4832310,2,0.048329597,1.43484224
792,44470,Brazos ISD,Brazos,8903,008-903,8903,4844470,7,0.030956954,1.2704928
793,17830,East Bernard ISD,East Bernard,241902,241-902,241902,4817830,4,0.043548061,1.454846675
794,36970,Rice Cons ISD,Rice Cons,45903,045-903,45903,4836970,1,0.10041641,2.415467437
795,39630,Sealy ISD,Sealy,8902,008-902,8902,4839630,6,0.049954096,1.575940106
796,16530,Deer Park ISD,Deer Park,101908,101-908,101908,4816530,6,0.009660247,0.849182966
797,31260,Montgomery ISD,Montgomery,170903,170-903,170903,4831260,5,0.056892441,1.379758765
798,26190,La Porte ISD,La Porte,101916,101-916,101916,4826190,2,0.013752926,0.595798494
799,42510,Texas City ISD,Texas City,84906,084-906,84906,4842510,6,0.01876683,0.775355136
800,23160,High Island ISD,High Island,84903,084-903,84903,4823160,1,0.024147374,0.873255357
801,17070,Dickinson ISD,Dickinson,84901,084-901,84901,4817070,7,0.022323275,0.986589714
802,8190,Anahuac ISD,Anahuac,36901,036-901,36901,4808190,4,0.111527289,2.24620112
803,11190,Brazosport ISD,Brazosport,20905,020-905,20905,4811190,6,0.07777943,2.08442377
804,23310,Hitchcock ISD,Hitchcock,84908,084-908,84908,4823310,4,0.020983558,0.797547452
805,20280,Galveston ISD,Galveston,84902,084-902,84902,4820280,3,0.093820984,1.831476195
806,38190,Royal ISD,Royal,237905,237-905,237905,4838190,2,0.038651306,1.01470131
807,22920,Hempstead ISD,Hempstead,237902,237-902,237902,4822920,7,0.03565235,1.628733065
808,28740,Magnolia ISD,Magnolia,170906,170-906,170906,4828740,6,0.036457599,1.332566916
809,32190,Navasota ISD,Navasota,93904,093-904,93904,4832190,3,0.089441211,1.966153207
810,16110,Cypress-Fairbanks ISD,Cypress-Fairbanks,101907,101-907,101907,4816110,3,0.045714484,1.140988982
811,44430,Waller ISD,Waller,237904,237-904,237904,4844430,4,0.074821941,1.43599622
812,41100,Spring Branch ISD,Spring Branch,101920,101-920,101920,4841100,2,0.009951011,0.589883633
813,25740,Klein ISD,Klein,101915,101-915,101915,4825740,4,0.020024269,1.053565424
814,7710,Aldine ISD,Aldine,101902,101-902,101902,4807710,6,0.026442051,1.059619328
815,42960,Tomball ISD,Tomball,101921,101-921,101921,4842960,2,0.020184183,1.010707451
816,39990,Sheldon ISD,Sheldon,101924,101-924,101924,4839990,7,0.012898646,0.617972224
817,20250,Galena Park ISD,Galena Park,101910,101-910,101910,4820250,1,0.008219802,0.675563573
818,15750,Crosby ISD,Crosby,101906,101-906,101906,4815750,2,0.019638778,0.700408405
819,13590,Channelview ISD,Channelview,101905,101-905,101905,4813590,5,0.004874197,0.370404312
820,23910,Humble ISD,Humble,101913,101-913,101913,4823910,1,0.022248984,0.807084038
821,21150,Goose Creek Consolidated ISD,Goose Creek Cons,101911,101-911,101911,4821150,1,0.032368111,1.169289128
822,19650,Fort Bend ISD,Fort Bend,79907,079-907,79907,4819650,2,0.040930527,1.404834271
823,25170,Katy ISD,Katy,101914,101-914,101914,4825170,7,0.04171517,1.249401991
824,7830,Alief ISD,Alief,101903,101-903,101903,4807830,6,0.009479828,0.523355028
825,41350,Stafford MSD,Stafford MSD,79910,079-910,79910,4841350,3,0.001706602,0.303289046
826,8310,Angleton ISD,Angleton,20902,020-902,20902,4808310,7,0.104363335,3.891555371
827,8090,Alvin ISD,Alvin,20901,020-901,20901,4808090,5,0.060431854,1.703507281
828,23640,Houston ISD,Houston,101912,101-912,101912,4823640,4,0.080518788,1.98589427
829,26580,Lamar Cons ISD,Lamar Cons,79901,079-901,79901,4826580,1,0.092913115,3.26382454
830,35010,Pittsburg ISD,Pittsburg,32902,032-902,32902,4835010,7,0.055898898,1.761468711
831,33840,Ore City ISD,Ore City,230903,230-903,230903,4833840,4,0.017516136,0.957098784
832,16180,Daingerfield-Lone Star ISD,Daingerfield-Lone Star,172902,172-902,172902,4816180,5,0.032770999,1.180313215
833,13680,Chapel Hill ISD (Titus),Chapel Hill (Titus),225906,225-906,225906,4813680,6,0.013347983,0.819272693
834,46200,Winnsboro ISD,Winnsboro,250907,250-907,250907,4846200,2,0.041683199,1.804790051
835,20700,Gilmer ISD,Gilmer,230902,230-902,230902,4820700,6,0.053441636,2.10522893
836,43560,Union Hill ISD,Union Hill,230904,230-904,230904,4843560,5,0.016547022,1.092489597
837,31760,Mount Pleasant ISD,Mount Pleasant,225902,225-902,225902,4831760,4,0.06745168,2.630756348
838,31770,Mount Vernon ISD,Mount Vernon,80901,080-901,80901,4831770,3,0.063057827,1.590474058
839,46590,Yantis ISD,Yantis,250905,250-905,250905,4846590,3,0.018626588,0.82679617
840,41820,Sulphur Springs ISD,Sulphur Springs,112901,112-901,112901,4841820,6,0.064523446,2.65983691
841,14880,Como-Pickton Cons ISD,Como-Pickton Cons,112908,112-908,112908,4814880,7,0.030273396,1.218337326
842,36300,Quitman ISD,Quitman,250904,250-904,250904,4836300,5,0.037966366,1.290074032
843,36360,Rains ISD,Rains,190903,190-903,190903,4836360,1,0.058996251,1.420359033
844,7650,Alba-Golden ISD,Alba-Golden,250906,250-906,250906,4807650,6,0.023706262,1.14082901
845,18900,Fabens ISD,Fabens,71903,071-903,71903,4818900,5,0.015280761,0.676863537
846,45990,Wilson ISD,Wilson,153907,153-907,153907,4845990,7,0.034741023,0.879894694
847,40440,Slaton ISD,Slaton,152903,152-903,152903,4840440,1,0.022223096,0.735874457
848,40590,Smyer ISD,Smyer,110906,110-906,110906,4840590,4,0.026535161,0.768892753
849,35490,Post ISD,Post,85902,085-902,85902,4835490,1,0.197375735,2.167137945
850,40650,Snyder ISD,Snyder,208902,208-902,208902,4840650,3,0.174549671,3.290030818
851,10860,Borden County ISD,Borden County,17901,017-901,17901,4810860,7,0.226348429,2.027949561
852,30570,Midland ISD,Midland,165901,165-901,165901,4830570,1,0.191812239,2.070932839
853,21750,Greenwood ISD,Greenwood,165902,165-902,165902,4821750,2,0.030848314,1.08295286
854,20790,Glasscock County ISD,Glasscock,87901,087-901,87901,4820790,6,0.222422959,1.892496105
855,20190,Fort Stockton ISD,Fort Stockton,186902,186-902,186902,4820190,1,0.738418528,4.356586863
856,18000,Ector County ISD,Ector County,68901,068-901,68901,4818000,7,0.222590982,1.893508726
857,44710,Water Valley ISD,Water Valley,226905,226-905,226905,4844710,2,0.106989689,2.447445849
858,37380,Robert Lee ISD,Robert Lee,41902,041-902,41902,4837380,5,0.118254399,2.02207944
859,5,Blackwell Cons ISD,Blackwell Cons,177903,177-903,177903,4800005,2,0.116465431,1.840758867
860,30360,Irion County ISD,Irion County,118902,118-902,118902,4830360,6,0.258043526,2.049021674
861,36660,Red Oak ISD,Red Oak,70911,070-911,70911,4836660,5,0.009198081,0.614217331
862,13230,Cedar Hill ISD,Cedar Hill,57904,057-904,57904,4813230,1,0.010484079,0.461236601
863,27630,Lipan ISD,Lipan,111902,111-902,111902,4827630,4,0.029369762,1.034072478
864,45040,West ISD,West,161916,161-916,161916,4845040,6,0.031219683,0.99415253
865,8520,Aquilla ISD,Aquilla,109912,109-912,109912,4808520,3,0.016999769,0.940379775
866,46230,Winona ISD,Winona,212910,212-910,212910,4846230,2,0.029215664,1.36022495
867,43920,Van ISD,Van,234906,234-906,234906,4843920,2,0.056169188,2.048969525
868,27510,Lindale ISD,Lindale,212903,212-903,212903,4827510,7,0.040143735,1.547731956
869,45480,White Oak ISD,White Oak,92908,092-908,92908,4845480,2,0.003986342,0.398280031
870,34980,Pine Tree ISD,Pine Tree,92904,092-904,92904,4834980,7,0.007035927,0.566951542
871,43470,Tyler ISD,Tyler,212905,212-905,212905,4843470,6,0.051301797,1.618084745
872,34050,Palestine ISD,Palestine,1907,001-907,1907,4834050,5,0.054761456,2.426329035
873,32250,Neches ISD,Neches,1906,001-906,1906,4832250,2,0.019923557,0.927587584
874,25620,Kilgore ISD,Kilgore,92902,092-902,92902,4825620,3,0.02451082,1.118213891
875,38460,Sabine ISD,Sabine,92906,092-906,92906,4838460,6,0.010381279,0.614328552
876,28550,Lufkin ISD,Lufkin,3903,003-903,3903,4828550,5,0.03990697,1.449613207
877,23790,Hudson ISD,Hudson,3902,003-902,3902,4823790,7,0.018826648,0.998435813
878,14600,Colmesneil ISD,Colmesneil,229901,229-901,229901,4814600,1,0.053207855,1.612871763
879,24630,Jasper ISD,Jasper,121904,121-904,121904,4824630,4,0.102769279,2.085682938
880,29040,Marfa ISD,Marfa,189901,189-901,189901,4829040,2,0.737732286,4.242771458
881,28980,Marathon ISD,Marathon,22902,022-902,22902,4828980,4,0.492042379,3.351811386
882,7950,Alpine ISD,Alpine,22901,022-901,22901,4807950,5,0.46417217,3.069577948
883,15930,Crystal City ISD,Crystal City,254901,254-901,254901,4815930,2,0.154272136,2.210987641
884,43650,United ISD,United,240903,240-903,240903,4843650,7,0.590551281,5.033439477
885,24100,Hutto ISD,Hutto,246906,246-906,246906,4824100,2,0.016585884,0.66495537
886,14730,Comal ISD,Comal,46902,046-902,46902,4814730,4,0.141710116,3.048204239
887,10,Hays Cons ISD,Hays Cons,105906,105-906,105906,4800010,3,0.052812353,1.481366171
888,9,Wimberley ISD,Wimberley,105905,105-905,105905,4800009,1,0.032758696,1.09697755
889,38970,San Marcos Cons ISD,San Marcos Cons,105902,105-902,105902,4838970,6,0.044593046,1.371252082
890,27870,Lockhart ISD,Lockhart,28902,028-902,28902,4827870,7,0.081584149,1.647742658
891,38080,Round Rock ISD,Round Rock,246909,246-909,246909,4838080,6,0.023892351,0.895221881
892,34830,Pflugerville ISD,Pflugerville,227904,227-904,227904,4834830,3,0.01862374,0.859065385
893,40550,Smithville ISD,Smithville,11904,011-904,11904,4840550,2,0.071223075,1.499446653
894,34470,Pearsall ISD,Pearsall,82903,082-903,82903,4834470,7,0.178663043,2.913685559
895,39480,Schertz-Cibolo-Universal City ISD,Schertz-Cibolo-Universal City,94902,094-902,94902,4839480,5,0.014468169,0.815298684
896,24990,Judson ISD,Judson,15916,015-916,15916,4824990,7,0.013453572,1.019034304
897,36990,Richards ISD,Richards,93905,093-905,93905,4836990,4,0.030061721,1.370501725
898,33690,Onalaska ISD,Onalaska,187910,187-910,187910,4833690,1,0.017824505,0.681025075
899,40770,Somerville ISD,Somerville,26902,026-902,26902,4840770,1,0.026415194,1.179101386
900,41340,Spurger ISD,Spurger,229905,229-905,229905,4841340,7,0.02675562,1.123288634
901,25710,Kirbyville Cons ISD,Kirbyville Cons,121905,121-905,121905,4825710,2,0.060035167,1.825915538
902,43950,Van Vleck ISD,Van Vleck,158906,158-906,158906,4843950,6,0.113444438,2.122230169
903,41970,Sweeny ISD,Sweeny,20906,020-906,20906,4841970,4,0.042975544,1.529133421
904,33360,Odem-Edroy ISD,Odem-Edroy,205905,205-905,205905,4833360,4,0.027236936,1.167663179
905,25410,Kenedy County-Wide CSD,Kenedy County-Wide CSD,131001,131-001,131001,4825410,1,0.456312049,2.842281972
906,12420,Calallen ISD,Calallen,178903,178-903,178903,4812420,6,0.007809164,0.603886465
907,8550,Aransas County ISD,Aransas County,4901,004-901,4901,4808550,2,0.119218955,2.151704638
908,26130,La Joya ISD,La Joya,108912,108-912,108912,4826130,3,0.048989449,1.121781784
909,37140,Rio Grande City Cons ISD,Rio Grande City Cons,214901,214-901,214901,4837140,1,0.113045918,1.780904199
910,39000,San Perlita ISD,San Perlita,245904,245-904,245904,4839000,5,0.064020648,1.33896042
911,36540,Raymondville ISD,Raymondville,245903,245-903,245903,4836540,3,0.029838819,1.023083734
912,37440,Robstown ISD,Robstown,178909,178-909,178909,4837440,7,0.019260343,0.627887017
913,10260,Bishop Cons ISD,Bishop Cons,178902,178-902,178902,4810260,6,0.040149662,1.457062911
914,15270,Corpus Christi ISD,Corpus Christi,178904,178-904,178904,4815270,5,0.039769828,1.383071562
915,42060,Taft ISD,Taft,205907,205-907,205907,4842060,3,0.022992341,0.907533092
916,24180,Ingleside ISD,Ingleside,205903,205-903,205903,4824180,6,0.005565721,0.436258791
917,21780,Gregory-Portland ISD,Gregory-Portland,205902,205-902,205902,4821780,7,0.024119958,0.910013299
918,45120,West Oso ISD,West Oso,178915,178-915,178915,4845120,4,0.010491532,0.556111449
919,43350,Tuloso-Midway ISD,Tuloso-Midway,178912,178-912,178912,4843350,2,0.011825704,0.726262154
920,19380,Flour Bluff ISD,Flour Bluff,178914,178-914,178914,4819380,6,0.041556342,1.157837806
921,8580,Aransas Pass ISD,Aransas Pass,205901,205-901,205901,4808580,1,0.013233531,0.740910899
922,27990,London ISD,London,178906,178-906,178906,4827990,7,0.020613626,0.649950294
923,23070,Hico ISD,Hico,97903,097-903,97903,4823070,3,0.05046307,2.771795129
924,41520,Stephenville ISD,Stephenville,72903,072-903,72903,4841520,1,0.058000876,1.657382537
925,10620,Bluff Dale ISD,Bluff Dale,72904,072-904,72904,4810620,6,0.017326231,0.80219204
926,20850,Glen Rose ISD,Glen Rose,213901,213-901,213901,4820850,6,0.048984607,1.199340416
927,42720,Three Way ISD,Three Way,72901,072-901,72901,4842720,5,0.020391749,0.782228242
928,24360,Iredell ISD,Iredell,18906,018-906,18906,4824360,2,0.036865208,1.185636522
929,44520,Walnut Springs ISD,Walnut Springs,18905,018-905,18905,4844520,1,0.025478047,1.049935675
930,42900,Tolar ISD,Tolar,111903,111-903,111903,4842900,7,0.028351807,0.953807147
931,14310,Cleburne ISD,Cleburne,126903,126-903,126903,4814310,5,0.048572601,1.889410875
932,21390,Granbury ISD,Granbury,111901,111-901,111901,4821390,1,0.062478905,1.743651573
933,25890,Kopperl ISD,Kopperl,18907,018-907,18907,4825890,7,0.028492027,1.41224725
934,9060,Avery ISD,Avery,194902,194-902,194902,4809060,7,0.042200832,1.648891498
935,34800,Pewitt Cons ISD,Pewitt Cons,172905,172-905,172905,4834800,3,0.056497052,2.16892052
936,23700,Hubbard ISD (Bowie),Hubbard (Bowie),19913,019-913,19913,4823700,7,0.004527716,0.387725484
937,40320,Simms ISD,Simms,19909,019-909,19909,4840320,5,0.037198554,1.276879907
938,28830,Malta ISD,Malta,19910,019-910,19910,4828830,4,0.004117771,0.346295427
939,16570,De Kalb ISD,De Kalb,19901,019-901,19901,4816570,1,0.065091521,2.475186599
940,32340,New Boston ISD,New Boston,19905,019-905,19905,4832340,6,0.02707354,1.294460423
941,29460,Maud ISD,Maud,19903,019-903,19903,4829460,2,0.010090391,0.694545007
942,8880,Atlanta ISD,Atlanta,34901,034-901,34901,4808880,4,0.063036051,2.531428504
943,23490,Hooks ISD,Hooks,19902,019-902,19902,4823490,5,0.016361209,0.891840099
944,27060,Leary ISD,Leary,19914,019-914,19914,4827060,2,0.002383782,0.223071285
945,36630,Red Lick ISD,Red Lick,19911,019-911,19911,4836630,1,0.002452855,0.223109853
946,35130,Pleasant Grove ISD,Pleasant Grove,19912,019-912,19912,4835130,7,0.014204512,0.814120776
947,27390,Liberty-Eylau ISD,Liberty-Eylau,19908,019-908,19908,4827390,4,0.018007996,0.870643429
948,42480,Texarkana ISD,Texarkana,19907,019-907,19907,4842480,3,0.007637847,0.616012773
949,36750,Redwater ISD,Redwater,19906,019-906,19906,4836750,7,0.022652134,1.169759514
950,36210,Queen City ISD,Queen City,34907,034-907,34907,4836210,2,0.028356124,1.354879219
951,25870,Knox City-O'Brien Cons ISD,Knox City-O'Brien Cons,138902,138-902,138902,4825870,7,0.036189348,1.130615304
952,22020,Guthrie CSD,Guthrie CSD,135001,135-001,135001,4822020,2,0.219037193,1.973897221
953,44110,Vernon ISD,Vernon,244903,244-903,244903,4844110,3,0.142997066,2.586225593
954,15870,Crowell ISD,Crowell,78901,078-901,78901,4815870,5,0.224375643,2.708008495
955,42780,Throckmorton Collegiate ISD,Throckmorton Collegiate,224901,224-901,224901,4842780,5,0.192479688,1.969831926
956,31970,Munday Cons ISD,Munday Cons,138903,138-903,138903,4831970,3,0.049019414,1.484837818
957,9980,Benjamin ISD,Benjamin,138904,138-904,138904,4809980,4,0.102633507,2.463506464
958,33630,Olney ISD,Olney,252903,252-903,252903,4833630,7,0.090976738,1.992430934
959,24900,Jonesboro ISD,Jonesboro,50909,050-909,50909,4824900,6,0.043628656,1.761163007
960,43760,Valley Mills ISD,Valley Mills,18904,018-904,18904,4843760,2,0.04316824,1.550279044
961,15600,Crawford ISD,Crawford,161901,161-901,161901,4815600,4,0.028145052,1.342681401
962,14400,Clifton ISD,Clifton,18901,018-901,18901,4814400,1,0.054126404,2.461487294
963,30640,Midway ISD (McLennan),Midway (McLennan),161903,161-903,161903,4830640,2,0.021430341,1.214056043
964,29820,McGregor ISD,McGregor,161909,161-909,161909,4829820,1,0.020335363,0.820923208
965,33420,Oglesby ISD,Oglesby,50904,050-904,50904,4833420,6,0.018226878,1.014179725
966,28200,Lorena ISD,Lorena,161907,161-907,161907,4828200,1,0.015024062,1.075766651
967,21590,Granger ISD,Granger,246905,246-905,246905,4821590,2,0.024173715,1.002118243
968,12460,Caldwell ISD,Caldwell,26901,026-901,26901,4812460,6,0.094682857,2.009838379
969,30690,Milano ISD,Milano,166903,166-903,166903,4830690,4,0.033697323,1.100164708
970,42630,Thorndale ISD,Thorndale,166905,166-905,166905,4842630,4,0.032697842,1.374855452
971,27330,Lexington ISD,Lexington,144902,144-902,144902,4827330,5,0.07049176,1.817947707
972,37590,Rockdale ISD,Rockdale,166904,166-904,166904,4837590,3,0.053785995,2.14572109
973,11850,Buckholts ISD,Buckholts,166907,166-907,166907,4811850,6,0.012596938,0.741404401
974,27420,Liberty Hill ISD,Liberty Hill,246908,246-908,246908,4827420,1,0.026859482,1.122867609
975,20600,Georgetown ISD,Georgetown,246904,246-904,246904,4820600,4,0.044203022,1.409327672
976,31290,Moody ISD,Moody,161910,161-910,161910,4831290,3,0.02481723,0.993402671
977,18780,Evant ISD,Evant,50901,050-901,50901,4818780,2,0.064381731,2.108731479
978,27960,Lometa ISD,Lometa,141902,141-902,141902,4827960,3,0.060963826,1.522246504
979,39030,San Saba ISD,San Saba,206901,206-901,206901,4839030,2,0.127625963,3.13893529
980,21000,Goldthwaite Cons ISD,Goldthwaite Cons,167901,167-901,167901,4821000,6,0.101356399,2.970283165
981,42330,Temple ISD,Temple,14909,014-909,14909,4842330,7,0.014744525,1.016971413
982,7470,Academy ISD,Academy,14901,014-901,14901,4807470,5,0.014126144,0.786106537
983,24600,Jarrell ISD,Jarrell,246907,246-907,246907,4824600,3,0.019915528,0.821823153
984,23370,Holland ISD,Holland,14905,014-905,14905,4823370,1,0.019425021,1.060901079
985,9540,Bartlett ISD,Bartlett,14902,014-902,14902,4809540,7,0.024872165,1.091894245
986,37900,Rosebud-Lott ISD,Rosebud-Lott,73905,073-905,73905,4837900,2,0.073233381,1.983601682
987,13920,Chilton ISD,Chilton,73901,073-901,73901,4813920,6,0.021828166,1.108749569
988,11250,Bremond ISD,Bremond,198901,198-901,198901,4811250,6,0.045128436,1.415891965
989,12640,Cameron ISD,Cameron,166901,166-901,166901,4812640,1,0.077534749,2.152142107
990,45330,Westphalia ISD,Westphalia,73904,073-904,73904,4845330,6,0.005458036,0.416877313
991,29130,Marlin ISD,Marlin,73903,073-903,73903,4829130,5,0.07447319,1.814000438
992,37710,Rogers ISD,Rogers,14907,014-907,14907,4837710,4,0.034448233,1.396317112
993,43260,Troy ISD,Troy,14910,014-910,14910,4843260,1,0.025708453,0.968096526
994,11730,Bruceville-Eddy ISD,Bruceville-Eddy,161919,161-919,161919,4811730,7,0.017326981,0.873370483
995,12540,Calvert ISD,Calvert,198902,198-902,198902,4812540,5,0.029272814,1.046857905
996,25660,Killeen ISD,Killeen,14906,014-906,14906,4825660,7,0.087702231,2.164244748
997,38580,Salado ISD,Salado,14908,014-908,14908,4838580,4,0.032908629,1.055718928
998,9860,Belton ISD,Belton,14903,014-903,14903,4809860,6,0.048923256,1.737431493
999,19320,Florence ISD,Florence,246902,246-902,246902,4819320,2,0.034629399,1.493616049
1000,26640,Lampasas ISD,Lampasas,141901,141-901,141901,4826640,1,0.14864959,3.264154424
1001,20500,Gatesville ISD,Gatesville,50902,050-902,50902,4820500,5,0.116670311,3.27101263
1002,15240,Copperas Cove ISD,Copperas Cove,50910,050-910,50910,4815240,2,0.01599156,0.807198519
1003,12220,Burnet Cons ISD,Burnet Cons,27903,027-903,27903,4812220,5,0.172704902,3.29240009
1004,12700,Canadian ISD,Canadian,106901,106-901,106901,4812700,6,0.247531991,2.683197854
1005,10830,Booker ISD,Booker,148901,148-901,148901,4810830,4,0.078255615,1.843147292
1006,30480,Miami ISD,Miami,197902,197-902,197902,4830480,5,0.201034006,2.539065323
1007,11400,Fort Elliott Cons ISD,Fort Elliott Cons,242906,242-906,242906,4811400,4,0.127421961,2.388215087
1008,19500,Follett ISD,Follett,148902,148-902,148902,4819500,3,0.067501128,1.672735472
1009,18330,Electra ISD,Electra,243902,243-902,243902,4818330,4,0.054392139,1.224050226
1010,39780,Seymour ISD,Seymour,12901,012-901,12901,4839780,1,0.228592138,2.831636191
1011,22620,Harrold ISD,Harrold,244901,244-901,244901,4822620,6,0.051406396,1.256950745
1012,22980,Henrietta ISD,Henrietta,39902,039-902,39902,4822980,2,0.109055948,2.223164839
1013,34710,Petrolia Cons ISD,Petrolia Cons,39903,039-903,39903,4834710,1,0.055095896,1.573884031
1014,23400,Holliday ISD,Holliday,5902,005-902,5902,4823400,6,0.060955331,1.579947195
1015,8610,Archer City ISD,Archer City,5901,005-901,5901,4808610,4,0.108847141,2.201373492
1016,14130,City View ISD,City View,243906,243-906,243906,4814130,7,0.003599111,0.309925433
1017,45780,Wichita Falls ISD,Wichita Falls,243905,243-905,243905,4845780,3,0.020693702,0.824075842
1018,12120,Burkburnett ISD,Burkburnett,243901,243-901,243901,4812120,6,0.044702691,1.380925459
1019,24260,Iowa Park Cons ISD,Iowa Park Cons,243903,243-903,243903,4824260,2,0.044824692,1.574844928